SET SQL_MODE = "NO_AUTO_VALUE_ON_ZERO";
SET time_zone = "+00:00";

INSERT INTO `balance_asset_data` (`ASSET_CODE`, `START_VALUE`, `END_VALUE`, `CHANGED_RATIO`, `PERIOD_TYPE`, `PERIOD`, `DESCRIPTION`) VALUES
('100', 5054025302970, 5804098460378, 0.14841104118873708, 1, '2017-01-01', NULL),
('100', 5804098460378, 9279160021516, 0.5987254669886634, 1, '2017-02-01', NULL),
('100', 9279160021516, 11110610188964, 0.19737240905441175, 1, '2017-03-01', NULL),
('100', 11110610188964, 13018930127438, 0.17175653776149083, 1, '2017-04-01', NULL),
('100', 13018930127438, 14598577355598, 0.12133464214780752, 1, '2017-05-01', NULL),
('100', 14598577355598, 15822463925273, 0.08383601633659776, 1, '2017-06-01', NULL),
('100', 15822463925273, 0, -1, 1, '2017-07-01', NULL),
('100', 0, 0, 0, 1, '2017-08-01', NULL),
('100', 0, 0, 0, 1, '2017-09-01', NULL),
('100', 0, 0, 0, 1, '2017-10-01', NULL),
('100', 0, 0, 0, 1, '2017-11-01', NULL),
('100', 0, 0, 0, 1, '2017-12-01', NULL),
('110', 415417916497, 234843207079, -0.43468204486867396, 1, '2017-01-01', NULL),
('110', 234843207079, 3101435901849, 12.20641095148089, 1, '2017-02-01', NULL),
('110', 3101435901849, 1252120160804, -0.5962772727118053, 1, '2017-03-01', NULL),
('110', 1252120160804, 2745645325950, 1.1927969949681116, 1, '2017-04-01', NULL),
('110', 2745645325950, 1298826375540, -0.526950417352029, 1, '2017-05-01', NULL),
('110', 1298826375540, 1067935585325, -0.17776878770190116, 1, '2017-06-01', NULL),
('110', 1067935585325, 0, -1, 1, '2017-07-01', NULL),
('110', 0, 0, 0, 1, '2017-08-01', NULL),
('110', 0, 0, 0, 1, '2017-09-01', NULL),
('110', 0, 0, 0, 1, '2017-10-01', NULL),
('110', 0, 0, 0, 1, '2017-11-01', NULL),
('110', 0, 0, 0, 1, '2017-12-01', NULL),
('111', 365417916497, 234843207079, -0.35732979562065886, 1, '2017-01-01', NULL),
('111', 234843207079, 771435901849, 2.2848976619089223, 1, '2017-02-01', NULL),
('111', 771435901849, 852120160804, 0.10458971219982584, 1, '2017-03-01', NULL),
('111', 852120160804, 1394534283673, 0.6365465198678278, 1, '2017-04-01', NULL),
('111', 1394534283673, 798826375540, -0.4271733689931181, 1, '2017-05-01', NULL),
('111', 798826375540, 1067935585325, 0.33688072655723766, 1, '2017-06-01', NULL),
('111', 1067935585325, 0, -1, 1, '2017-07-01', NULL),
('111', 0, 0, 0, 1, '2017-08-01', NULL),
('111', 0, 0, 0, 1, '2017-09-01', NULL),
('111', 0, 0, 0, 1, '2017-10-01', NULL),
('111', 0, 0, 0, 1, '2017-11-01', NULL),
('111', 0, 0, 0, 1, '2017-12-01', NULL),
('112', 50000000000, 0, -1, 1, '2017-01-01', NULL),
('112', 0, 2330000000000, 1, 1, '2017-02-01', NULL),
('112', 2330000000000, 400000000000, -0.8283261802575107, 1, '2017-03-01', NULL),
('112', 400000000000, 1351111042277, 2.3777776056925, 1, '2017-04-01', NULL),
('112', 1351111042277, 500000000000, -0.6299341916728324, 1, '2017-05-01', NULL),
('112', 500000000000, 0, -1, 1, '2017-06-01', NULL),
('112', 0, 0, 0, 1, '2017-07-01', NULL),
('112', 0, 0, 0, 1, '2017-08-01', NULL),
('112', 0, 0, 0, 1, '2017-09-01', NULL),
('112', 0, 0, 0, 1, '2017-10-01', NULL),
('112', 0, 0, 0, 1, '2017-11-01', NULL),
('112', 0, 0, 0, 1, '2017-12-01', NULL),
('120', 2314253566692, 2092259762292, -0.0959245812969918, 1, '2017-01-01', NULL),
('120', 2092259762292, 736033188192, -0.6482113734359158, 1, '2017-02-01', NULL),
('120', 736033188192, 3909275954492, 4.311276742961534, 1, '2017-03-01', NULL),
('120', 3909275954492, 4167317622318, 0.06600753459972407, 1, '2017-04-01', NULL),
('120', 4167317622318, 7414562935026, 0.7792171384579452, 1, '2017-05-01', NULL),
('120', 7414562935026, 8653183733226, 0.16705243573411743, 1, '2017-06-01', NULL),
('120', 8653183733226, 0, -1, 1, '2017-07-01', NULL),
('120', 0, 0, 0, 1, '2017-08-01', NULL),
('120', 0, 0, 0, 1, '2017-09-01', NULL),
('120', 0, 0, 0, 1, '2017-10-01', NULL),
('120', 0, 0, 0, 1, '2017-11-01', NULL),
('120', 0, 0, 0, 1, '2017-12-01', NULL),
('121', 0, 0, 0, 1, '2017-01-01', NULL),
('121', 0, 815277431792, 1, 1, '2017-02-01', NULL),
('121', 815277431792, 4039304630112, 3.9545154478684736, 1, '2017-03-01', NULL),
('121', 4039304630112, 4313292575718, 0.06783047348384888, 1, '2017-04-01', NULL),
('121', 4313292575718, 7553771306426, 0.7512772838435572, 1, '2017-05-01', NULL),
('121', 7553771306426, 524884057132, -0.9305136420154154, 1, '2017-06-01', NULL),
('121', 524884057132, 0, -1, 1, '2017-07-01', NULL),
('121', 0, 0, 0, 1, '2017-08-01', NULL),
('121', 0, 0, 0, 1, '2017-09-01', NULL),
('121', 0, 0, 0, 1, '2017-10-01', NULL),
('121', 0, 0, 0, 1, '2017-11-01', NULL),
('121', 0, 0, 0, 1, '2017-12-01', NULL),
('122', -86506865100, -70657669500, -0.18321315402747151, 1, '2017-01-01', NULL),
('122', -70657669500, -79244243600, 0.12152359624598148, 1, '2017-02-01', NULL),
('122', -79244243600, -130028675620, 0.6408595717859814, 1, '2017-03-01', NULL),
('122', -130028675620, -145974953400, 0.12263662383674442, 1, '2017-04-01', NULL),
('122', -145974953400, -139208371400, -0.046354404248092056, 1, '2017-05-01', NULL),
('122', -139208371400, -71700323906, -0.48494244142849013, 1, '2017-06-01', NULL),
('122', -71700323906, 0, 1, 1, '2017-07-01', NULL),
('122', 0, 0, 0, 1, '2017-08-01', NULL),
('122', 0, 0, 0, 1, '2017-09-01', NULL),
('122', 0, 0, 0, 1, '2017-10-01', NULL),
('122', 0, 0, 0, 1, '2017-11-01', NULL),
('122', 0, 0, 0, 1, '2017-12-01', NULL),
('123', 2400760431792, 2162917431792, -0.09906986005366092, 1, '2017-01-01', NULL),
('123', 2162917431792, 0, -1, 1, '2017-02-01', NULL),
('123', 0, 0, 0, 1, '2017-03-01', NULL),
('123', 0, 0, 0, 1, '2017-04-01', NULL),
('123', 0, 0, 0, 1, '2017-05-01', NULL),
('123', 0, 8200000000000, 1, 1, '2017-06-01', NULL),
('123', 8200000000000, 0, -1, 1, '2017-07-01', NULL),
('123', 0, 0, 0, 1, '2017-08-01', NULL),
('123', 0, 0, 0, 1, '2017-09-01', NULL),
('123', 0, 0, 0, 1, '2017-10-01', NULL),
('123', 0, 0, 0, 1, '2017-11-01', NULL),
('123', 0, 0, 0, 1, '2017-12-01', NULL),
('130', 757249315993, 1118775135003, 0.47741980266554895, 1, '2017-01-01', NULL),
('130', 1118775135003, 2126947803251, 0.9011396809827174, 1, '2017-02-01', NULL),
('130', 2126947803251, 2246362984001, 0.056143916915815294, 1, '2017-03-01', NULL),
('130', 2246362984001, 2728421414532, 0.21459507388801657, 1, '2017-04-01', NULL),
('130', 2728421414532, 2462234686105, -0.09756070928385467, 1, '2017-05-01', NULL),
('130', 2462234686105, 2558257733837, 0.038998332804700477, 1, '2017-06-01', NULL),
('130', 2558257733837, 0, -1, 1, '2017-07-01', NULL),
('130', 0, 0, 0, 1, '2017-08-01', NULL),
('130', 0, 0, 0, 1, '2017-09-01', NULL),
('130', 0, 0, 0, 1, '2017-10-01', NULL),
('130', 0, 0, 0, 1, '2017-11-01', NULL),
('130', 0, 0, 0, 1, '2017-12-01', NULL),
('131', 535004731296, 595420415184, 0.11292551327844996, 1, '2017-01-01', NULL),
('131', 595420415184, 1152632033803, 0.9358288772258632, 1, '2017-02-01', NULL),
('131', 1152632033803, 1269841759012, 0.10168876256395341, 1, '2017-03-01', NULL),
('131', 1269841759012, 1894721027784, 0.4920922345932198, 1, '2017-04-01', NULL),
('131', 1894721027784, 1745599580608, -0.07870364290536601, 1, '2017-05-01', NULL),
('131', 1745599580608, 2059022259461, 0.17955015705482325, 1, '2017-06-01', NULL),
('131', 2059022259461, 0, -1, 1, '2017-07-01', NULL),
('131', 0, 0, 0, 1, '2017-08-01', NULL),
('131', 0, 0, 0, 1, '2017-09-01', NULL),
('131', 0, 0, 0, 1, '2017-10-01', NULL),
('131', 0, 0, 0, 1, '2017-11-01', NULL),
('131', 0, 0, 0, 1, '2017-12-01', NULL),
('132', 137378435309, 340111981006, 1.4757304903131214, 1, '2017-01-01', NULL),
('132', 340111981006, 743668199436, 1.186539260499855, 1, '2017-02-01', NULL),
('132', 743668199436, 576619318260, -0.22462824321745953, 1, '2017-03-01', NULL),
('132', 576619318260, 423820755014, -0.26499036436566714, 1, '2017-04-01', NULL),
('132', 423820755014, 368348817693, -0.1308853723295538, 1, '2017-05-01', NULL),
('132', 368348817693, 108355688039, -0.7058340278716221, 1, '2017-06-01', NULL),
('132', 108355688039, 0, -1, 1, '2017-07-01', NULL),
('132', 0, 0, 0, 1, '2017-08-01', NULL),
('132', 0, 0, 0, 1, '2017-09-01', NULL),
('132', 0, 0, 0, 1, '2017-10-01', NULL),
('132', 0, 0, 0, 1, '2017-11-01', NULL),
('132', 0, 0, 0, 1, '2017-12-01', NULL),
('133', 0, 0, 0, 1, '2017-01-01', NULL),
('133', 0, 0, 0, 1, '2017-02-01', NULL),
('133', 0, 0, 0, 1, '2017-03-01', NULL),
('133', 0, 0, 0, 1, '2017-04-01', NULL),
('133', 0, 0, 0, 1, '2017-05-01', NULL),
('133', 0, 0, 0, 1, '2017-06-01', NULL),
('133', 0, 0, 0, 1, '2017-07-01', NULL),
('133', 0, 0, 0, 1, '2017-08-01', NULL),
('133', 0, 0, 0, 1, '2017-09-01', NULL),
('133', 0, 0, 0, 1, '2017-10-01', NULL),
('133', 0, 0, 0, 1, '2017-11-01', NULL),
('133', 0, 0, 0, 1, '2017-12-01', NULL),
('134', 0, 0, 0, 1, '2017-01-01', NULL),
('134', 0, 0, 0, 1, '2017-02-01', NULL),
('134', 0, 0, 0, 1, '2017-03-01', NULL),
('134', 0, 0, 0, 1, '2017-04-01', NULL),
('134', 0, 0, 0, 1, '2017-05-01', NULL),
('134', 0, 0, 0, 1, '2017-06-01', NULL),
('134', 0, 0, 0, 1, '2017-07-01', NULL),
('134', 0, 0, 0, 1, '2017-08-01', NULL),
('134', 0, 0, 0, 1, '2017-09-01', NULL),
('134', 0, 0, 0, 1, '2017-10-01', NULL),
('134', 0, 0, 0, 1, '2017-11-01', NULL),
('134', 0, 0, 0, 1, '2017-12-01', NULL),
('135', 0, 0, 0, 1, '2017-01-01', NULL),
('135', 0, 0, 0, 1, '2017-02-01', NULL),
('135', 0, 0, 0, 1, '2017-03-01', NULL),
('135', 0, 0, 0, 1, '2017-04-01', NULL),
('135', 0, 0, 0, 1, '2017-05-01', NULL),
('135', 0, 0, 0, 1, '2017-06-01', NULL),
('135', 0, 0, 0, 1, '2017-07-01', NULL),
('135', 0, 0, 0, 1, '2017-08-01', NULL),
('135', 0, 0, 0, 1, '2017-09-01', NULL),
('135', 0, 0, 0, 1, '2017-10-01', NULL),
('135', 0, 0, 0, 1, '2017-11-01', NULL),
('135', 0, 0, 0, 1, '2017-12-01', NULL),
('136', 81757731624, 183818883488, 1.2483363938394778, 1, '2017-01-01', NULL),
('136', 183818883488, 232545166006, 0.26507767642479957, 1, '2017-02-01', NULL),
('136', 232545166006, 403754490615, 0.7362411678967455, 1, '2017-03-01', NULL),
('136', 403754490615, 417266719643, 0.033466448899226196, 1, '2017-04-01', NULL),
('136', 417266719643, 350794021307, -0.15930505647052778, 1, '2017-05-01', NULL),
('136', 350794021307, 390914195337, 0.11436960607401153, 1, '2017-06-01', NULL),
('136', 390914195337, 0, -1, 1, '2017-07-01', NULL),
('136', 0, 0, 0, 1, '2017-08-01', NULL),
('136', 0, 0, 0, 1, '2017-09-01', NULL),
('136', 0, 0, 0, 1, '2017-10-01', NULL),
('136', 0, 0, 0, 1, '2017-11-01', NULL),
('136', 0, 0, 0, 1, '2017-12-01', NULL),
('137', 3751179217, 0, -1, 1, '2017-01-01', NULL),
('137', 0, 0, 0, 1, '2017-02-01', NULL),
('137', 0, 0, 0, 1, '2017-03-01', NULL),
('137', 0, 0, 0, 1, '2017-04-01', NULL),
('137', 0, 0, 0, 1, '2017-05-01', NULL),
('137', 0, 0, 0, 1, '2017-06-01', NULL),
('137', 0, 0, 0, 1, '2017-07-01', NULL),
('137', 0, 0, 0, 1, '2017-08-01', NULL),
('137', 0, 0, 0, 1, '2017-09-01', NULL),
('137', 0, 0, 0, 1, '2017-10-01', NULL),
('137', 0, 0, 0, 1, '2017-11-01', NULL),
('137', 0, 0, 0, 1, '2017-12-01', NULL),
('139', -642761453, -576144675, -0.1036415262444184, 1, '2017-01-01', NULL),
('139', -576144675, -1897595994, 2.2936102273270165, 1, '2017-02-01', NULL),
('139', -1897595994, -3852583886, 1.0302445294896634, 1, '2017-03-01', NULL),
('139', -3852583886, -7387087909, 0.9174372648559638, 1, '2017-04-01', NULL),
('139', -7387087909, -2507733503, -0.6605247515811037, 1, '2017-05-01', NULL),
('139', -2507733503, -34409000, -0.9862788450372272, 1, '2017-06-01', NULL),
('139', -34409000, 0, 1, 1, '2017-07-01', NULL),
('139', 0, 0, 0, 1, '2017-08-01', NULL),
('139', 0, 0, 0, 1, '2017-09-01', NULL),
('139', 0, 0, 0, 1, '2017-10-01', NULL),
('139', 0, 0, 0, 1, '2017-11-01', NULL),
('139', 0, 0, 0, 1, '2017-12-01', NULL),
('140', 1280773657392, 2272650052063, 0.7744353492487716, 1, '2017-01-01', NULL),
('140', 2272650052063, 3186792095368, 0.4022361658695261, 1, '2017-02-01', NULL),
('140', 3186792095368, 3472845352518, 0.08976213338980545, 1, '2017-03-01', NULL),
('140', 3472845352518, 3217483048888, -0.07353114743357304, 1, '2017-04-01', NULL),
('140', 3217483048888, 3376827382764, 0.04952452940849876, 1, '2017-05-01', NULL),
('140', 3376827382764, 3467279028328, 0.02678598439046166, 1, '2017-06-01', NULL),
('140', 3467279028328, 0, -1, 1, '2017-07-01', NULL),
('140', 0, 0, 0, 1, '2017-08-01', NULL),
('140', 0, 0, 0, 1, '2017-09-01', NULL),
('140', 0, 0, 0, 1, '2017-10-01', NULL),
('140', 0, 0, 0, 1, '2017-11-01', NULL),
('140', 0, 0, 0, 1, '2017-12-01', NULL),
('141', 1287882946842, 2276752660978, 0.7678257690738074, 1, '2017-01-01', NULL),
('141', 2276752660978, 3191726002038, 0.401876478170872, 1, '2017-02-01', NULL),
('141', 3191726002038, 3476300517903, 0.08916007065872565, 1, '2017-03-01', NULL),
('141', 3476300517903, 3227859954432, -0.07146694084459251, 1, '2017-04-01', NULL),
('141', 3227859954432, 3389805269417, 0.050171109425810635, 1, '2017-05-01', NULL),
('141', 3389805269417, 3484395015086, 0.027904182733561017, 1, '2017-06-01', NULL),
('141', 3484395015086, 0, -1, 1, '2017-07-01', NULL),
('141', 0, 0, 0, 1, '2017-08-01', NULL),
('141', 0, 0, 0, 1, '2017-09-01', NULL),
('141', 0, 0, 0, 1, '2017-10-01', NULL),
('141', 0, 0, 0, 1, '2017-11-01', NULL),
('141', 0, 0, 0, 1, '2017-12-01', NULL),
('149', -7109289450, -4102608915, -0.4229227908282733, 1, '2017-01-01', NULL),
('149', -4102608915, -4933906670, 0.2026266144844079, 1, '2017-02-01', NULL),
('149', -4933906670, -3455165385, -0.29971002370014427, 1, '2017-03-01', NULL),
('149', -3455165385, -10376905544, 2.0033021252903063, 1, '2017-04-01', NULL),
('149', -10376905544, -12977886653, 0.25065093808277994, 1, '2017-05-01', NULL),
('149', -12977886653, -17115986758, 0.3188577782842191, 1, '2017-06-01', NULL),
('149', -17115986758, 0, 1, 1, '2017-07-01', NULL),
('149', 0, 0, 0, 1, '2017-08-01', NULL),
('149', 0, 0, 0, 1, '2017-09-01', NULL),
('149', 0, 0, 0, 1, '2017-10-01', NULL),
('149', 0, 0, 0, 1, '2017-11-01', NULL),
('149', 0, 0, 0, 1, '2017-12-01', NULL),
('150', 286330846396, 85570303941, -0.7011488457563705, 1, '2017-01-01', NULL),
('150', 85570303941, 127951032856, 0.4952737919947223, 1, '2017-02-01', NULL),
('150', 127951032856, 230005737149, 0.7976075066768353, 1, '2017-03-01', NULL),
('150', 230005737149, 160062715750, -0.30409250771727586, 1, '2017-04-01', NULL),
('150', 160062715750, 46125976163, -0.7118256056891875, 1, '2017-05-01', NULL),
('150', 46125976163, 75807844557, 0.6434957233015557, 1, '2017-06-01', NULL),
('150', 75807844557, 0, -1, 1, '2017-07-01', NULL),
('150', 0, 0, 0, 1, '2017-08-01', NULL),
('150', 0, 0, 0, 1, '2017-09-01', NULL),
('150', 0, 0, 0, 1, '2017-10-01', NULL),
('150', 0, 0, 0, 1, '2017-11-01', NULL),
('150', 0, 0, 0, 1, '2017-12-01', NULL),
('151', 21075063403, 37892633665, 0.7979843258552687, 1, '2017-01-01', NULL),
('151', 37892633665, 56321028026, 0.48633184285687736, 1, '2017-02-01', NULL),
('151', 56321028026, 72343567655, 0.2844859227641116, 1, '2017-03-01', NULL),
('151', 72343567655, 129708362747, 0.7929494902099323, 1, '2017-04-01', NULL),
('151', 129708362747, 40219219619, -0.6899257783598057, 1, '2017-05-01', NULL),
('151', 40219219619, 38346903574, -0.04655276911726794, 1, '2017-06-01', NULL),
('151', 38346903574, 0, -1, 1, '2017-07-01', NULL),
('151', 0, 0, 0, 1, '2017-08-01', NULL),
('151', 0, 0, 0, 1, '2017-09-01', NULL),
('151', 0, 0, 0, 1, '2017-10-01', NULL),
('151', 0, 0, 0, 1, '2017-11-01', NULL),
('151', 0, 0, 0, 1, '2017-12-01', NULL),
('152', 37343494342, 15992818623, -0.5717374898949139, 1, '2017-01-01', NULL),
('152', 15992818623, 70615030342, 3.4154211966391785, 1, '2017-02-01', NULL),
('152', 70615030342, 154118437302, 1.1825160529646381, 1, '2017-03-01', NULL),
('152', 154118437302, 25468115542, -0.8347497159467403, 1, '2017-04-01', NULL),
('152', 25468115542, 3825748291, -0.8497828280741511, 1, '2017-05-01', NULL),
('152', 3825748291, 37460940983, 8.791794476161996, 1, '2017-06-01', NULL),
('152', 37460940983, 0, -1, 1, '2017-07-01', NULL),
('152', 0, 0, 0, 1, '2017-08-01', NULL),
('152', 0, 0, 0, 1, '2017-09-01', NULL),
('152', 0, 0, 0, 1, '2017-10-01', NULL),
('152', 0, 0, 0, 1, '2017-11-01', NULL),
('152', 0, 0, 0, 1, '2017-12-01', NULL),
('153', 226000000000, 0, -1, 1, '2017-01-01', NULL),
('153', 0, 0, 0, 1, '2017-02-01', NULL),
('153', 0, 0, 0, 1, '2017-03-01', NULL),
('153', 0, 0, 0, 1, '2017-04-01', NULL),
('153', 0, 0, 0, 1, '2017-05-01', NULL),
('153', 0, 0, 0, 1, '2017-06-01', NULL),
('153', 0, 0, 0, 1, '2017-07-01', NULL),
('153', 0, 0, 0, 1, '2017-08-01', NULL),
('153', 0, 0, 0, 1, '2017-09-01', NULL),
('153', 0, 0, 0, 1, '2017-10-01', NULL),
('153', 0, 0, 0, 1, '2017-11-01', NULL),
('153', 0, 0, 0, 1, '2017-12-01', NULL),
('154', 0, 0, 0, 1, '2017-01-01', NULL),
('154', 0, 0, 0, 1, '2017-02-01', NULL),
('154', 0, 0, 0, 1, '2017-03-01', NULL),
('154', 0, 0, 0, 1, '2017-04-01', NULL),
('154', 0, 0, 0, 1, '2017-05-01', NULL),
('154', 0, 0, 0, 1, '2017-06-01', NULL),
('154', 0, 0, 0, 1, '2017-07-01', NULL),
('154', 0, 0, 0, 1, '2017-08-01', NULL),
('154', 0, 0, 0, 1, '2017-09-01', NULL),
('154', 0, 0, 0, 1, '2017-10-01', NULL),
('154', 0, 0, 0, 1, '2017-11-01', NULL),
('154', 0, 0, 0, 1, '2017-12-01', NULL),
('158', 1912288651, 31684851653, 15.56907373080467, 1, '2017-01-01', NULL),
('158', 31684851653, 1014974488, -0.9679665696681935, 1, '2017-02-01', NULL),
('158', 1014974488, 3543732192, 2.491449523015006, 1, '2017-03-01', NULL),
('158', 3543732192, 4886237461, 0.3788393694169991, 1, '2017-04-01', NULL),
('158', 4886237461, 2081008253, -0.5741082438973181, 1, '2017-05-01', NULL),
('158', 2081008253, 0, -1, 1, '2017-06-01', NULL),
('158', 0, 0, 0, 1, '2017-07-01', NULL),
('158', 0, 0, 0, 1, '2017-08-01', NULL),
('158', 0, 0, 0, 1, '2017-09-01', NULL),
('158', 0, 0, 0, 1, '2017-10-01', NULL),
('158', 0, 0, 0, 1, '2017-11-01', NULL),
('158', 0, 0, 0, 1, '2017-12-01', NULL),
('200', 3379906340869, 4948207765951, 0.4640073620142911, 1, '2017-01-01', NULL),
('200', 4948207765951, 6285158103799, 0.2701888039236466, 1, '2017-02-01', NULL),
('200', 6285158103799, 8587258231415, 0.36627561146385784, 1, '2017-03-01', NULL),
('200', 8587258231415, 9856483929198, 0.14780336908231748, 1, '2017-04-01', NULL),
('200', 9856483929198, 9884064037686, 0.002798169071863351, 1, '2017-05-01', NULL),
('200', 9884064037686, 10186083968354, 0.030556249890374764, 1, '2017-06-01', NULL),
('200', 10186083968354, 0, -1, 1, '2017-07-01', NULL),
('200', 0, 0, 0, 1, '2017-08-01', NULL),
('200', 0, 0, 0, 1, '2017-09-01', NULL),
('200', 0, 0, 0, 1, '2017-10-01', NULL),
('200', 0, 0, 0, 1, '2017-11-01', NULL),
('200', 0, 0, 0, 1, '2017-12-01', NULL),
('210', 8822112758, 23624693, -0.9973221048463049, 1, '2017-01-01', NULL),
('210', 23624693, 0, -1, 1, '2017-02-01', NULL),
('210', 0, 0, 0, 1, '2017-03-01', NULL),
('210', 0, 736666667, 1, 1, '2017-04-01', NULL),
('210', 736666667, 7395303671, 9.038873756995985, 1, '2017-05-01', NULL),
('210', 7395303671, 14238293770, 0.925315633194909, 1, '2017-06-01', NULL),
('210', 14238293770, 0, -1, 1, '2017-07-01', NULL),
('210', 0, 0, 0, 1, '2017-08-01', NULL),
('210', 0, 0, 0, 1, '2017-09-01', NULL),
('210', 0, 0, 0, 1, '2017-10-01', NULL),
('210', 0, 0, 0, 1, '2017-11-01', NULL),
('210', 0, 0, 0, 1, '2017-12-01', NULL),
('211', 0, 0, 0, 1, '2017-01-01', NULL),
('211', 0, 0, 0, 1, '2017-02-01', NULL),
('211', 0, 0, 0, 1, '2017-03-01', NULL),
('211', 0, 0, 0, 1, '2017-04-01', NULL),
('211', 0, 0, 0, 1, '2017-05-01', NULL),
('211', 0, 0, 0, 1, '2017-06-01', NULL),
('211', 0, 0, 0, 1, '2017-07-01', NULL),
('211', 0, 0, 0, 1, '2017-08-01', NULL),
('211', 0, 0, 0, 1, '2017-09-01', NULL),
('211', 0, 0, 0, 1, '2017-10-01', NULL),
('211', 0, 0, 0, 1, '2017-11-01', NULL),
('211', 0, 0, 0, 1, '2017-12-01', NULL),
('212', 0, 0, 0, 1, '2017-01-01', NULL),
('212', 0, 0, 0, 1, '2017-02-01', NULL),
('212', 0, 0, 0, 1, '2017-03-01', NULL),
('212', 0, 0, 0, 1, '2017-04-01', NULL),
('212', 0, 0, 0, 1, '2017-05-01', NULL),
('212', 0, 0, 0, 1, '2017-06-01', NULL),
('212', 0, 0, 0, 1, '2017-07-01', NULL),
('212', 0, 0, 0, 1, '2017-08-01', NULL),
('212', 0, 0, 0, 1, '2017-09-01', NULL),
('212', 0, 0, 0, 1, '2017-10-01', NULL),
('212', 0, 0, 0, 1, '2017-11-01', NULL),
('212', 0, 0, 0, 1, '2017-12-01', NULL),
('213', 0, 0, 0, 1, '2017-01-01', NULL),
('213', 0, 0, 0, 1, '2017-02-01', NULL),
('213', 0, 0, 0, 1, '2017-03-01', NULL),
('213', 0, 0, 0, 1, '2017-04-01', NULL),
('213', 0, 0, 0, 1, '2017-05-01', NULL),
('213', 0, 0, 0, 1, '2017-06-01', NULL),
('213', 0, 0, 0, 1, '2017-07-01', NULL),
('213', 0, 0, 0, 1, '2017-08-01', NULL),
('213', 0, 0, 0, 1, '2017-09-01', NULL),
('213', 0, 0, 0, 1, '2017-10-01', NULL),
('213', 0, 0, 0, 1, '2017-11-01', NULL),
('213', 0, 0, 0, 1, '2017-12-01', NULL),
('214', 0, 0, 0, 1, '2017-01-01', NULL),
('214', 0, 0, 0, 1, '2017-02-01', NULL),
('214', 0, 0, 0, 1, '2017-03-01', NULL),
('214', 0, 0, 0, 1, '2017-04-01', NULL),
('214', 0, 0, 0, 1, '2017-05-01', NULL),
('214', 0, 0, 0, 1, '2017-06-01', NULL),
('214', 0, 0, 0, 1, '2017-07-01', NULL),
('214', 0, 0, 0, 1, '2017-08-01', NULL),
('214', 0, 0, 0, 1, '2017-09-01', NULL),
('214', 0, 0, 0, 1, '2017-10-01', NULL),
('214', 0, 0, 0, 1, '2017-11-01', NULL),
('214', 0, 0, 0, 1, '2017-12-01', NULL),
('215', 0, 0, 0, 1, '2017-01-01', NULL),
('215', 0, 0, 0, 1, '2017-02-01', NULL),
('215', 0, 0, 0, 1, '2017-03-01', NULL),
('215', 0, 0, 0, 1, '2017-04-01', NULL),
('215', 0, 0, 0, 1, '2017-05-01', NULL),
('215', 0, 8664593421, 1, 1, '2017-06-01', NULL),
('215', 8664593421, 0, -1, 1, '2017-07-01', NULL),
('215', 0, 0, 0, 1, '2017-08-01', NULL),
('215', 0, 0, 0, 1, '2017-09-01', NULL),
('215', 0, 0, 0, 1, '2017-10-01', NULL),
('215', 0, 0, 0, 1, '2017-11-01', NULL),
('215', 0, 0, 0, 1, '2017-12-01', NULL),
('216', 8822112758, 23624693, -0.9973221048463049, 1, '2017-01-01', NULL),
('216', 23624693, 0, -1, 1, '2017-02-01', NULL),
('216', 0, 0, 0, 1, '2017-03-01', NULL),
('216', 0, 736666667, 1, 1, '2017-04-01', NULL),
('216', 736666667, 7395303671, 9.038873756995985, 1, '2017-05-01', NULL),
('216', 7395303671, 5573700349, -0.24631893469679267, 1, '2017-06-01', NULL),
('216', 5573700349, 0, -1, 1, '2017-07-01', NULL),
('216', 0, 0, 0, 1, '2017-08-01', NULL),
('216', 0, 0, 0, 1, '2017-09-01', NULL),
('216', 0, 0, 0, 1, '2017-10-01', NULL),
('216', 0, 0, 0, 1, '2017-11-01', NULL),
('216', 0, 0, 0, 1, '2017-12-01', NULL),
('219', 0, 0, 0, 1, '2017-01-01', NULL),
('219', 0, 0, 0, 1, '2017-02-01', NULL),
('219', 0, 0, 0, 1, '2017-03-01', NULL),
('219', 0, 0, 0, 1, '2017-04-01', NULL),
('219', 0, 0, 0, 1, '2017-05-01', NULL),
('219', 0, 0, 0, 1, '2017-06-01', NULL),
('219', 0, 0, 0, 1, '2017-07-01', NULL),
('219', 0, 0, 0, 1, '2017-08-01', NULL),
('219', 0, 0, 0, 1, '2017-09-01', NULL),
('219', 0, 0, 0, 1, '2017-10-01', NULL),
('219', 0, 0, 0, 1, '2017-11-01', NULL),
('219', 0, 0, 0, 1, '2017-12-01', NULL),
('220', 1675498624375, 2404679482198, 0.4352023016998903, 1, '2017-01-01', NULL),
('220', 2404679482198, 3350122852296, 0.3931681444854415, 1, '2017-02-01', NULL),
('220', 3350122852296, 4477059115159, 0.3363865483591614, 1, '2017-03-01', NULL),
('220', 4477059115159, 8380544184751, 0.8718859789845259, 1, '2017-04-01', NULL),
('220', 8380544184751, 6822236890236, -0.18594344951375016, 1, '2017-05-01', NULL),
('220', 6822236890236, 6195233101403, -0.09190589522483002, 1, '2017-06-01', NULL),
('220', 6195233101403, 0, -1, 1, '2017-07-01', NULL),
('220', 0, 0, 0, 1, '2017-08-01', NULL),
('220', 0, 0, 0, 1, '2017-09-01', NULL),
('220', 0, 0, 0, 1, '2017-10-01', NULL),
('220', 0, 0, 0, 1, '2017-11-01', NULL),
('220', 0, 0, 0, 1, '2017-12-01', NULL),
('221', 1652108063492, 2278666157863, 0.3792476462142962, 1, '2017-01-01', NULL),
('221', 2278666157863, 3140742111001, 0.37832481522720296, 1, '2017-02-01', NULL),
('221', 3140742111001, 4223443459603, 0.34472787332957033, 1, '2017-03-01', NULL),
('221', 4223443459603, 7849058771126, 0.8584500647876093, 1, '2017-04-01', NULL),
('221', 7849058771126, 6532456859451, -0.16774010108298942, 1, '2017-05-01', NULL),
('221', 6532456859451, 6002218183000, -0.08116987036567468, 1, '2017-06-01', NULL),
('221', 6002218183000, 0, -1, 1, '2017-07-01', NULL),
('221', 0, 0, 0, 1, '2017-08-01', NULL),
('221', 0, 0, 0, 1, '2017-09-01', NULL),
('221', 0, 0, 0, 1, '2017-10-01', NULL),
('221', 0, 0, 0, 1, '2017-11-01', NULL),
('221', 0, 0, 0, 1, '2017-12-01', NULL),
('222', 2909678985921, 3701896691342, 0.27226979651510924, 1, '2017-01-01', NULL),
('222', 3701896691342, 4819396220602, 0.3018721543131144, 1, '2017-02-01', NULL),
('222', 4819396220602, 6512875316427, 0.3513882275513476, 1, '2017-03-01', NULL),
('222', 6512875316427, 11147267493199, 0.7115739134576975, 1, '2017-04-01', NULL),
('222', 11147267493199, 10034979836758, -0.0997811936530286, 1, '2017-05-01', NULL),
('222', 10034979836758, 10302040639636, 0.026612988488502964, 1, '2017-06-01', NULL),
('222', 10302040639636, 0, -1, 1, '2017-07-01', NULL),
('222', 0, 0, 0, 1, '2017-08-01', NULL),
('222', 0, 0, 0, 1, '2017-09-01', NULL),
('222', 0, 0, 0, 1, '2017-10-01', NULL),
('222', 0, 0, 0, 1, '2017-11-01', NULL),
('222', 0, 0, 0, 1, '2017-12-01', NULL),
('223', -1257570922429, -1423230533479, 0.1317298357455882, 1, '2017-01-01', NULL),
('223', -1423230533479, -1678654109601, 0.1794674651179895, 1, '2017-02-01', NULL),
('223', -1678654109601, -2289431856824, 0.36384967202574925, 1, '2017-03-01', NULL),
('223', -2289431856824, -3298208722073, 0.4406232324592615, 1, '2017-04-01', NULL),
('223', -3298208722073, -3502522977307, 0.061947036240200044, 1, '2017-05-01', NULL),
('223', -3502522977307, -4299822456636, 0.22763575984932527, 1, '2017-06-01', NULL),
('223', -4299822456636, 0, 1, 1, '2017-07-01', NULL),
('223', 0, 0, 0, 1, '2017-08-01', NULL),
('223', 0, 0, 0, 1, '2017-09-01', NULL),
('223', 0, 0, 0, 1, '2017-10-01', NULL),
('223', 0, 0, 0, 1, '2017-11-01', NULL),
('223', 0, 0, 0, 1, '2017-12-01', NULL),
('224', 0, 0, 0, 1, '2017-01-01', NULL),
('224', 0, 0, 0, 1, '2017-02-01', NULL),
('224', 0, 0, 0, 1, '2017-03-01', NULL),
('224', 0, 0, 0, 1, '2017-04-01', NULL),
('224', 0, 0, 0, 1, '2017-05-01', NULL),
('224', 0, 0, 0, 1, '2017-06-01', NULL),
('224', 0, 0, 0, 1, '2017-07-01', NULL),
('224', 0, 0, 0, 1, '2017-08-01', NULL),
('224', 0, 0, 0, 1, '2017-09-01', NULL),
('224', 0, 0, 0, 1, '2017-10-01', NULL),
('224', 0, 0, 0, 1, '2017-11-01', NULL),
('224', 0, 0, 0, 1, '2017-12-01', NULL),
('225', 0, 0, 0, 1, '2017-01-01', NULL),
('225', 0, 0, 0, 1, '2017-02-01', NULL),
('225', 0, 0, 0, 1, '2017-03-01', NULL),
('225', 0, 0, 0, 1, '2017-04-01', NULL),
('225', 0, 0, 0, 1, '2017-05-01', NULL),
('225', 0, 0, 0, 1, '2017-06-01', NULL),
('225', 0, 0, 0, 1, '2017-07-01', NULL),
('225', 0, 0, 0, 1, '2017-08-01', NULL),
('225', 0, 0, 0, 1, '2017-09-01', NULL),
('225', 0, 0, 0, 1, '2017-10-01', NULL),
('225', 0, 0, 0, 1, '2017-11-01', NULL),
('225', 0, 0, 0, 1, '2017-12-01', NULL),
('226', 0, 0, 0, 1, '2017-01-01', NULL),
('226', 0, 0, 0, 1, '2017-02-01', NULL),
('226', 0, 0, 0, 1, '2017-03-01', NULL),
('226', 0, 0, 0, 1, '2017-04-01', NULL),
('226', 0, 0, 0, 1, '2017-05-01', NULL),
('226', 0, 0, 0, 1, '2017-06-01', NULL),
('226', 0, 0, 0, 1, '2017-07-01', NULL),
('226', 0, 0, 0, 1, '2017-08-01', NULL),
('226', 0, 0, 0, 1, '2017-09-01', NULL),
('226', 0, 0, 0, 1, '2017-10-01', NULL),
('226', 0, 0, 0, 1, '2017-11-01', NULL),
('226', 0, 0, 0, 1, '2017-12-01', NULL),
('227', 23390560883, 126013324335, 4.387357958850191, 1, '2017-01-01', NULL),
('227', 126013324335, 209380741295, 0.6615762055318212, 1, '2017-02-01', NULL),
('227', 209380741295, 253615655556, 0.21126543915840232, 1, '2017-03-01', NULL),
('227', 253615655556, 531485413625, 1.0956333017369448, 1, '2017-04-01', NULL),
('227', 531485413625, 289780030785, -0.4547733138929378, 1, '2017-05-01', NULL),
('227', 289780030785, 193014918403, -0.33392608910927374, 1, '2017-06-01', NULL),
('227', 193014918403, 0, -1, 1, '2017-07-01', NULL),
('227', 0, 0, 0, 1, '2017-08-01', NULL),
('227', 0, 0, 0, 1, '2017-09-01', NULL),
('227', 0, 0, 0, 1, '2017-10-01', NULL),
('227', 0, 0, 0, 1, '2017-11-01', NULL),
('227', 0, 0, 0, 1, '2017-12-01', NULL),
('228', 66488859797, 185265480642, 1.7864138625273769, 1, '2017-01-01', NULL),
('228', 185265480642, 305503445243, 0.6490036038248447, 1, '2017-02-01', NULL),
('228', 305503445243, 387180023184, 0.26735075892854093, 1, '2017-03-01', NULL),
('228', 387180023184, 690742242273, 0.7840337850921038, 1, '2017-04-01', NULL),
('228', 690742242273, 414548323336, -0.39985091693268804, 1, '2017-05-01', NULL),
('228', 414548323336, 296279437932, -0.2852957755377064, 1, '2017-06-01', NULL),
('228', 296279437932, 0, -1, 1, '2017-07-01', NULL),
('228', 0, 0, 0, 1, '2017-08-01', NULL),
('228', 0, 0, 0, 1, '2017-09-01', NULL),
('228', 0, 0, 0, 1, '2017-10-01', NULL),
('228', 0, 0, 0, 1, '2017-11-01', NULL),
('228', 0, 0, 0, 1, '2017-12-01', NULL),
('229', -43098298914, -59252156307, 0.3748142687773832, 1, '2017-01-01', NULL),
('229', -59252156307, -96122703948, 0.6222650775773395, 1, '2017-02-01', NULL),
('229', -96122703948, -133564367628, 0.38951945942193855, 1, '2017-03-01', NULL),
('229', -133564367628, -159256828648, 0.19236014422318065, 1, '2017-04-01', NULL),
('229', -159256828648, -124768292551, -0.21655922945212508, 1, '2017-05-01', NULL),
('229', -124768292551, -103264519529, -0.17234966177973596, 1, '2017-06-01', NULL),
('229', -103264519529, 0, 1, 1, '2017-07-01', NULL),
('229', 0, 0, 0, 1, '2017-08-01', NULL),
('229', 0, 0, 0, 1, '2017-09-01', NULL),
('229', 0, 0, 0, 1, '2017-10-01', NULL),
('229', 0, 0, 0, 1, '2017-11-01', NULL),
('229', 0, 0, 0, 1, '2017-12-01', NULL),
('230', 0, 73328395211, 1, 1, '2017-01-01', NULL),
('230', 73328395211, 73182137539, -0.001994557109550106, 1, '2017-02-01', NULL),
('230', 73182137539, 96714389090, 0.3215573136061961, 1, '2017-03-01', NULL),
('230', 96714389090, 149445717001, 0.5452273276723026, 1, '2017-04-01', NULL),
('230', 149445717001, 144512770233, -0.03300828466008826, 1, '2017-05-01', NULL),
('230', 144512770233, 139722647798, -0.03314670687771618, 1, '2017-06-01', NULL),
('230', 139722647798, 0, -1, 1, '2017-07-01', NULL),
('230', 0, 0, 0, 1, '2017-08-01', NULL),
('230', 0, 0, 0, 1, '2017-09-01', NULL),
('230', 0, 0, 0, 1, '2017-10-01', NULL),
('230', 0, 0, 0, 1, '2017-11-01', NULL),
('230', 0, 0, 0, 1, '2017-12-01', NULL),
('231', 0, 76570608223, 1, 1, '2017-01-01', NULL),
('231', 76570608223, 90177337460, 0.1777017259334354, 1, '2017-02-01', NULL),
('231', 90177337460, 117666487460, 0.30483434945274773, 1, '2017-03-01', NULL),
('231', 117666487460, 176332062888, 0.4985750547533171, 1, '2017-04-01', NULL),
('231', 176332062888, 176189140358, -0.0008105305845073646, 1, '2017-05-01', NULL),
('231', 176189140358, 176272511838, 0.000473193068713525, 1, '2017-06-01', NULL),
('231', 176272511838, 0, -1, 1, '2017-07-01', NULL),
('231', 0, 0, 0, 1, '2017-08-01', NULL),
('231', 0, 0, 0, 1, '2017-09-01', NULL),
('231', 0, 0, 0, 1, '2017-10-01', NULL),
('231', 0, 0, 0, 1, '2017-11-01', NULL),
('231', 0, 0, 0, 1, '2017-12-01', NULL),
('232', 0, -3242213012, -1, 1, '2017-01-01', NULL),
('232', -3242213012, -16995199921, 4.241851740801045, 1, '2017-02-01', NULL),
('232', -16995199921, -20952098370, 0.232824472050528, 1, '2017-03-01', NULL),
('232', -20952098370, -26886345887, 0.2832292695559734, 1, '2017-04-01', NULL),
('232', -26886345887, -31676370125, 0.17815824649924097, 1, '2017-05-01', NULL),
('232', -31676370125, -36549864040, 0.1538526635396801, 1, '2017-06-01', NULL),
('232', -36549864040, 0, 1, 1, '2017-07-01', NULL),
('232', 0, 0, 0, 1, '2017-08-01', NULL),
('232', 0, 0, 0, 1, '2017-09-01', NULL),
('232', 0, 0, 0, 1, '2017-10-01', NULL),
('232', 0, 0, 0, 1, '2017-11-01', NULL),
('232', 0, 0, 0, 1, '2017-12-01', NULL),
('240', 647464085371, 653359231400, 0.009104977653891108, 1, '2017-01-01', NULL),
('240', 653359231400, 1221103883288, 0.8689624705714383, 1, '2017-02-01', NULL),
('240', 1221103883288, 3565241433334, 1.9196872453914964, 1, '2017-03-01', NULL),
('240', 3565241433334, 537872350628, -0.8491343824294632, 1, '2017-04-01', NULL),
('240', 537872350628, 284106071554, -0.4717964750887675, 1, '2017-05-01', NULL),
('240', 284106071554, 277294577637, -0.023975178987701923, 1, '2017-06-01', NULL),
('240', 277294577637, 0, -1, 1, '2017-07-01', NULL),
('240', 0, 0, 0, 1, '2017-08-01', NULL),
('240', 0, 0, 0, 1, '2017-09-01', NULL),
('240', 0, 0, 0, 1, '2017-10-01', NULL),
('240', 0, 0, 0, 1, '2017-11-01', NULL),
('240', 0, 0, 0, 1, '2017-12-01', NULL),
('241', 0, 0, 0, 1, '2017-01-01', NULL),
('241', 0, 0, 0, 1, '2017-02-01', NULL),
('241', 0, 0, 0, 1, '2017-03-01', NULL),
('241', 0, 0, 0, 1, '2017-04-01', NULL),
('241', 0, 0, 0, 1, '2017-05-01', NULL),
('241', 0, 0, 0, 1, '2017-06-01', NULL),
('241', 0, 0, 0, 1, '2017-07-01', NULL),
('241', 0, 0, 0, 1, '2017-08-01', NULL),
('241', 0, 0, 0, 1, '2017-09-01', NULL),
('241', 0, 0, 0, 1, '2017-10-01', NULL),
('241', 0, 0, 0, 1, '2017-11-01', NULL),
('241', 0, 0, 0, 1, '2017-12-01', NULL),
('242', 647464085371, 653359231400, 0.009104977653891108, 1, '2017-01-01', NULL),
('242', 653359231400, 1221103883288, 0.8689624705714383, 1, '2017-02-01', NULL),
('242', 1221103883288, 3565241433334, 1.9196872453914964, 1, '2017-03-01', NULL),
('242', 3565241433334, 537872350628, -0.8491343824294632, 1, '2017-04-01', NULL),
('242', 537872350628, 284106071554, -0.4717964750887675, 1, '2017-05-01', NULL),
('242', 284106071554, 277294577637, -0.023975178987701923, 1, '2017-06-01', NULL),
('242', 277294577637, 0, -1, 1, '2017-07-01', NULL),
('242', 0, 0, 0, 1, '2017-08-01', NULL),
('242', 0, 0, 0, 1, '2017-09-01', NULL),
('242', 0, 0, 0, 1, '2017-10-01', NULL),
('242', 0, 0, 0, 1, '2017-11-01', NULL),
('242', 0, 0, 0, 1, '2017-12-01', NULL),
('250', 801180628831, 1659632386999, 1.0714834174417873, 1, '2017-01-01', NULL),
('250', 1659632386999, 1550368535378, -0.06583617702145134, 1, '2017-02-01', NULL),
('250', 1550368535378, 284428762040, -0.8165411929166554, 1, '2017-03-01', NULL),
('250', 284428762040, 318308294039, 0.11911429686648718, 1, '2017-04-01', NULL),
('250', 318308294039, 2316875997760, 6.278717021040395, 1, '2017-05-01', NULL),
('250', 2316875997760, 3255627270385, 0.40517976513745346, 1, '2017-06-01', NULL),
('250', 3255627270385, 0, -1, 1, '2017-07-01', NULL),
('250', 0, 0, 0, 1, '2017-08-01', NULL),
('250', 0, 0, 0, 1, '2017-09-01', NULL),
('250', 0, 0, 0, 1, '2017-10-01', NULL),
('250', 0, 0, 0, 1, '2017-11-01', NULL),
('250', 0, 0, 0, 1, '2017-12-01', NULL),
('251', 228800000000, 561052384560, 1.4521520304195805, 1, '2017-01-01', NULL),
('251', 561052384560, 823752380127, 0.4682272151343229, 1, '2017-02-01', NULL),
('251', 823752380127, 0, -1, 1, '2017-03-01', NULL),
('251', 0, 0, 0, 1, '2017-04-01', NULL),
('251', 0, 1840531569524, 1, 1, '2017-05-01', NULL),
('251', 1840531569524, 2500056584693, 0.3583339868164103, 1, '2017-06-01', NULL),
('251', 2500056584693, 0, -1, 1, '2017-07-01', NULL),
('251', 0, 0, 0, 1, '2017-08-01', NULL),
('251', 0, 0, 0, 1, '2017-09-01', NULL),
('251', 0, 0, 0, 1, '2017-10-01', NULL),
('251', 0, 0, 0, 1, '2017-11-01', NULL),
('251', 0, 0, 0, 1, '2017-12-01', NULL),
('252', 26151955551, 214466955551, 7.20079994143303, 1, '2017-01-01', NULL),
('252', 214466955551, 214466955551, 0, 1, '2017-02-01', NULL),
('252', 214466955551, 217944646507, 0.01621550950385459, 1, '2017-03-01', NULL),
('252', 217944646507, 284629299345, 0.30597059348213085, 1, '2017-04-01', NULL),
('252', 284629299345, 238275992596, -0.16285500774400258, 1, '2017-05-01', NULL),
('252', 238275992596, 311189808669, 0.3060057174816865, 1, '2017-06-01', NULL),
('252', 311189808669, 0, -1, 1, '2017-07-01', NULL),
('252', 0, 0, 0, 1, '2017-08-01', NULL),
('252', 0, 0, 0, 1, '2017-09-01', NULL),
('252', 0, 0, 0, 1, '2017-10-01', NULL),
('252', 0, 0, 0, 1, '2017-11-01', NULL),
('252', 0, 0, 0, 1, '2017-12-01', NULL),
('253', 652324833440, 1036111273800, 0.5883363942104163, 1, '2017-01-01', NULL),
('253', 1036111273800, 783611273800, -0.2436996936380599, 1, '2017-02-01', NULL),
('253', 783611273800, 80840000000, -0.896836604190265, 1, '2017-03-01', NULL),
('253', 80840000000, 43927626956, -0.45661025536862937, 1, '2017-04-01', NULL),
('253', 43927626956, 357455408600, 7.137371248350027, 1, '2017-05-01', NULL),
('253', 357455408600, 10570276240, -0.9704291053214182, 1, '2017-06-01', NULL),
('253', 10570276240, 0, -1, 1, '2017-07-01', NULL),
('253', 0, 0, 0, 1, '2017-08-01', NULL),
('253', 0, 0, 0, 1, '2017-09-01', NULL),
('253', 0, 0, 0, 1, '2017-10-01', NULL),
('253', 0, 0, 0, 1, '2017-11-01', NULL),
('253', 0, 0, 0, 1, '2017-12-01', NULL),
('254', -106096160160, -151998226912, 0.432645881649031, 1, '2017-01-01', NULL),
('254', -151998226912, -271462074100, 0.785955531291586, 1, '2017-02-01', NULL),
('254', -271462074100, -14355884467, -0.9471164267988623, 1, '2017-03-01', NULL),
('254', -14355884467, -10248632262, -0.28610234461285733, 1, '2017-04-01', NULL),
('254', -10248632262, -119386972960, 10.649063983168215, 1, '2017-05-01', NULL),
('254', -119386972960, -102785399217, -0.1390568278212588, 1, '2017-06-01', NULL),
('254', -102785399217, 0, 1, 1, '2017-07-01', NULL),
('254', 0, 0, 0, 1, '2017-08-01', NULL),
('254', 0, 0, 0, 1, '2017-09-01', NULL),
('254', 0, 0, 0, 1, '2017-10-01', NULL),
('254', 0, 0, 0, 1, '2017-11-01', NULL),
('254', 0, 0, 0, 1, '2017-12-01', NULL),
('255', 0, 0, 0, 1, '2017-01-01', NULL),
('255', 0, 0, 0, 1, '2017-02-01', NULL),
('255', 0, 0, 0, 1, '2017-03-01', NULL),
('255', 0, 0, 0, 1, '2017-04-01', NULL),
('255', 0, 0, 0, 1, '2017-05-01', NULL),
('255', 0, 536596000000, 1, 1, '2017-06-01', NULL),
('255', 536596000000, 0, -1, 1, '2017-07-01', NULL),
('255', 0, 0, 0, 1, '2017-08-01', NULL),
('255', 0, 0, 0, 1, '2017-09-01', NULL),
('255', 0, 0, 0, 1, '2017-10-01', NULL),
('255', 0, 0, 0, 1, '2017-11-01', NULL),
('255', 0, 0, 0, 1, '2017-12-01', NULL),
('260', 246940889534, 157184645450, -0.3634725875223752, 1, '2017-01-01', NULL),
('260', 157184645450, 90380695298, -0.4250030272406611, 1, '2017-02-01', NULL),
('260', 90380695298, 150152345194, 0.6613320432966692, 1, '2017-03-01', NULL),
('260', 150152345194, 295112796930, 0.9654224950579895, 1, '2017-04-01', NULL),
('260', 295112796930, 308937004232, 0.04684380835331606, 1, '2017-05-01', NULL),
('260', 308937004232, 303968077361, -0.016083948516793813, 1, '2017-06-01', NULL),
('260', 303968077361, 0, -1, 1, '2017-07-01', NULL),
('260', 0, 0, 0, 1, '2017-08-01', NULL),
('260', 0, 0, 0, 1, '2017-09-01', NULL),
('260', 0, 0, 0, 1, '2017-10-01', NULL),
('260', 0, 0, 0, 1, '2017-11-01', NULL),
('260', 0, 0, 0, 1, '2017-12-01', NULL),
('261', 192530909235, 94465141674, -0.5093507736012537, 1, '2017-01-01', NULL),
('261', 94465141674, 13955996238, -0.8522630042078139, 1, '2017-02-01', NULL),
('261', 13955996238, 41073978122, 1.9431061331302144, 1, '2017-03-01', NULL),
('261', 41073978122, 171151838315, 3.1669165281881435, 1, '2017-04-01', NULL),
('261', 171151838315, 157161532623, -0.08174207084034497, 1, '2017-05-01', NULL),
('261', 157161532623, 278787890047, 0.77389393825624, 1, '2017-06-01', NULL),
('261', 278787890047, 0, -1, 1, '2017-07-01', NULL),
('261', 0, 0, 0, 1, '2017-08-01', NULL),
('261', 0, 0, 0, 1, '2017-09-01', NULL),
('261', 0, 0, 0, 1, '2017-10-01', NULL),
('261', 0, 0, 0, 1, '2017-11-01', NULL),
('261', 0, 0, 0, 1, '2017-12-01', NULL),
('262', 53520933059, 60864036536, 0.13720058783177724, 1, '2017-01-01', NULL),
('262', 60864036536, 75328279060, 0.23764842667713398, 1, '2017-02-01', NULL),
('262', 75328279060, 108001947072, 0.4337503580292201, 1, '2017-03-01', NULL),
('262', 108001947072, 115300622640, 0.0675791109870853, 1, '2017-04-01', NULL),
('262', 115300622640, 150793168409, 0.30782614140616926, 1, '2017-05-01', NULL),
('262', 150793168409, 25180187314, -0.8330150657375727, 1, '2017-06-01', NULL),
('262', 25180187314, 0, -1, 1, '2017-07-01', NULL),
('262', 0, 0, 0, 1, '2017-08-01', NULL),
('262', 0, 0, 0, 1, '2017-09-01', NULL),
('262', 0, 0, 0, 1, '2017-10-01', NULL),
('262', 0, 0, 0, 1, '2017-11-01', NULL),
('262', 0, 0, 0, 1, '2017-12-01', NULL),
('263', 0, 0, 0, 1, '2017-01-01', NULL),
('263', 0, 0, 0, 1, '2017-02-01', NULL),
('263', 0, 0, 0, 1, '2017-03-01', NULL),
('263', 0, 0, 0, 1, '2017-04-01', NULL),
('263', 0, 0, 0, 1, '2017-05-01', NULL),
('263', 0, 0, 0, 1, '2017-06-01', NULL),
('263', 0, 0, 0, 1, '2017-07-01', NULL),
('263', 0, 0, 0, 1, '2017-08-01', NULL),
('263', 0, 0, 0, 1, '2017-09-01', NULL),
('263', 0, 0, 0, 1, '2017-10-01', NULL),
('263', 0, 0, 0, 1, '2017-11-01', NULL),
('263', 0, 0, 0, 1, '2017-12-01', NULL),
('268', 889047240, 1855467240, 1.0870288512452948, 1, '2017-01-01', NULL),
('268', 1855467240, 1096420000, -0.4090868454244441, 1, '2017-02-01', NULL),
('268', 1096420000, 1076420000, -0.018241184947374183, 1, '2017-03-01', NULL),
('268', 1076420000, 8660335975, 7.0454989455788635, 1, '2017-04-01', NULL),
('268', 8660335975, 982303200, -0.8865744697624159, 1, '2017-05-01', NULL),
('268', 982303200, 0, -1, 1, '2017-06-01', NULL),
('268', 0, 0, 0, 1, '2017-07-01', NULL),
('268', 0, 0, 0, 1, '2017-08-01', NULL),
('268', 0, 0, 0, 1, '2017-09-01', NULL),
('268', 0, 0, 0, 1, '2017-10-01', NULL),
('268', 0, 0, 0, 1, '2017-11-01', NULL),
('268', 0, 0, 0, 1, '2017-12-01', NULL),
('269', 0, 0, 0, 1, '2017-01-01', NULL),
('269', 0, 0, 0, 1, '2017-02-01', NULL),
('269', 0, 13662186598, 1, 1, '2017-03-01', NULL),
('269', 13662186598, 174463919182, 11.76983870265245, 1, '2017-04-01', NULL),
('269', 174463919182, 0, -1, 1, '2017-05-01', NULL),
('269', 0, 0, 0, 1, '2017-06-01', NULL),
('269', 0, 0, 0, 1, '2017-07-01', NULL),
('269', 0, 0, 0, 1, '2017-08-01', NULL),
('269', 0, 0, 0, 1, '2017-09-01', NULL),
('269', 0, 0, 0, 1, '2017-10-01', NULL),
('269', 0, 0, 0, 1, '2017-11-01', NULL),
('269', 0, 0, 0, 1, '2017-12-01', NULL),
('270', 8433931643839, 10752306226329, 0.27488657489696117, 1, '2017-01-01', NULL),
('270', 10752306226329, 15564318125315, 0.4475330034037631, 1, '2017-02-01', NULL),
('270', 15564318125315, 19697868420379, 0.2655786306719648, 1, '2017-03-01', NULL),
('270', 19697868420379, 22875414056636, 0.1613141873244304, 1, '2017-04-01', NULL),
('270', 22875414056636, 24482641393284, 0.07026003256897352, 1, '2017-05-01', NULL),
('270', 24482641393284, 26008547893627, 0.06232605689194883, 1, '2017-06-01', NULL),
('270', 26008547893627, 0, -1, 1, '2017-07-01', NULL),
('270', 0, 0, 0, 1, '2017-08-01', NULL),
('270', 0, 0, 0, 1, '2017-09-01', NULL),
('270', 0, 0, 0, 1, '2017-10-01', NULL),
('270', 0, 0, 0, 1, '2017-11-01', NULL),
('270', 0, 0, 0, 1, '2017-12-01', NULL),
('300', 1967829451949, 2803350338469, 0.4245900912258803, 1, '2017-01-01', NULL),
('300', 2803350338469, 3152169943075, 0.12442954411345591, 1, '2017-02-01', NULL),
('300', 3152169943075, 4204771824521, 0.33392929329792653, 1, '2017-03-01', NULL),
('300', 4204771824521, 5307060807329, 0.26215191425603, 1, '2017-04-01', NULL),
('300', 5307060807329, 5033777484833, -0.05149428891385573, 1, '2017-05-01', NULL),
('300', 5033777484833, 0, -1, 1, '2017-06-01', NULL),
('300', 0, 0, 0, 1, '2017-07-01', NULL),
('300', 0, 0, 0, 1, '2017-08-01', NULL),
('300', 0, 0, 0, 1, '2017-09-01', NULL),
('300', 0, 0, 0, 1, '2017-10-01', NULL),
('300', 0, 0, 0, 1, '2017-11-01', NULL),
('300', 0, 0, 0, 1, '2017-12-01', NULL),
('310', 1711593056787, 2643646520653, 0.5445531928107078, 1, '2017-01-01', NULL),
('310', 2643646520653, 2993592789307, 0.13237256415338036, 1, '2017-02-01', NULL),
('310', 2993592789307, 4144990303291, 0.3846206197772617, 1, '2017-03-01', NULL),
('310', 4144990303291, 4956397594108, 0.19575613727558458, 1, '2017-04-01', NULL),
('310', 4956397594108, 4956652265341, 0.00005138232519980735, 1, '2017-05-01', NULL),
('310', 4956652265341, 0, -1, 1, '2017-06-01', NULL),
('310', 0, 0, 0, 1, '2017-07-01', NULL),
('310', 0, 0, 0, 1, '2017-08-01', NULL),
('310', 0, 0, 0, 1, '2017-09-01', NULL),
('310', 0, 0, 0, 1, '2017-10-01', NULL),
('310', 0, 0, 0, 1, '2017-11-01', NULL),
('310', 0, 0, 0, 1, '2017-12-01', NULL),
('311', 793260645166, 1095245156293, 0.3806876251421824, 1, '2017-01-01', NULL),
('311', 1095245156293, 1882755381787, 0.7190264398515407, 1, '2017-02-01', NULL),
('311', 1882755381787, 2247659149802, 0.19381369005497406, 1, '2017-03-01', NULL),
('311', 2247659149802, 1968257136188, -0.12430800000908189, 1, '2017-04-01', NULL),
('311', 1968257136188, 1647920447124, -0.16275144297680968, 1, '2017-05-01', NULL),
('311', 1647920447124, 0, -1, 1, '2017-06-01', NULL),
('311', 0, 0, 0, 1, '2017-07-01', NULL),
('311', 0, 0, 0, 1, '2017-08-01', NULL),
('311', 0, 0, 0, 1, '2017-09-01', NULL),
('311', 0, 0, 0, 1, '2017-10-01', NULL),
('311', 0, 0, 0, 1, '2017-11-01', NULL),
('311', 0, 0, 0, 1, '2017-12-01', NULL),
('312', 28827412385, 30515029293, 0.058542087838523146, 1, '2017-01-01', NULL),
('312', 30515029293, 116844952210, 2.8290952005346317, 1, '2017-02-01', NULL),
('312', 116844952210, 21589364414, -0.8152306624662875, 1, '2017-03-01', NULL),
('312', 21589364414, 20929404542, -0.030568749470551226, 1, '2017-04-01', NULL),
('312', 20929404542, 16268617018, -0.2226908804140597, 1, '2017-05-01', NULL),
('312', 16268617018, 0, -1, 1, '2017-06-01', NULL),
('312', 0, 0, 0, 1, '2017-07-01', NULL),
('312', 0, 0, 0, 1, '2017-08-01', NULL),
('312', 0, 0, 0, 1, '2017-09-01', NULL),
('312', 0, 0, 0, 1, '2017-10-01', NULL),
('312', 0, 0, 0, 1, '2017-11-01', NULL),
('312', 0, 0, 0, 1, '2017-12-01', NULL),
('313', 399397544377, 278216643484, -0.3034092287222846, 1, '2017-01-01', NULL),
('313', 278216643484, 287182837552, 0.03222738207074818, 1, '2017-02-01', NULL),
('313', 287182837552, 333952869847, 0.16285803390507758, 1, '2017-03-01', NULL),
('313', 333952869847, 456725904986, 0.3676358139855132, 1, '2017-04-01', NULL),
('313', 456725904986, 499301151862, 0.09321837542213651, 1, '2017-05-01', NULL),
('313', 499301151862, 0, -1, 1, '2017-06-01', NULL),
('313', 0, 0, 0, 1, '2017-07-01', NULL),
('313', 0, 0, 0, 1, '2017-08-01', NULL),
('313', 0, 0, 0, 1, '2017-09-01', NULL),
('313', 0, 0, 0, 1, '2017-10-01', NULL),
('313', 0, 0, 0, 1, '2017-11-01', NULL),
('313', 0, 0, 0, 1, '2017-12-01', NULL),
('314', 28238908609, 32715690648, 0.15853240296876092, 1, '2017-01-01', NULL),
('314', 32715690648, 42008506653, 0.28404767929201874, 1, '2017-02-01', NULL),
('314', 42008506653, 106150509860, 1.526881298990888, 1, '2017-03-01', NULL),
('314', 106150509860, 137540107294, 0.29570840003876736, 1, '2017-04-01', NULL),
('314', 137540107294, 146782641213, 0.06719882731546475, 1, '2017-05-01', NULL),
('314', 146782641213, 0, -1, 1, '2017-06-01', NULL),
('314', 0, 0, 0, 1, '2017-07-01', NULL),
('314', 0, 0, 0, 1, '2017-08-01', NULL),
('314', 0, 0, 0, 1, '2017-09-01', NULL),
('314', 0, 0, 0, 1, '2017-10-01', NULL),
('314', 0, 0, 0, 1, '2017-11-01', NULL),
('314', 0, 0, 0, 1, '2017-12-01', NULL),
('315', 206997629616, 263812687876, 0.27447202349803357, 1, '2017-01-01', NULL),
('315', 263812687876, 260206170893, -0.01367074878784895, 1, '2017-02-01', NULL),
('315', 260206170893, 365103636850, 0.40313212248965125, 1, '2017-03-01', NULL),
('315', 365103636850, 490760970004, 0.344168944024037, 1, '2017-04-01', NULL),
('315', 490760970004, 607313677302, 0.23749384001961285, 1, '2017-05-01', NULL),
('315', 607313677302, 0, -1, 1, '2017-06-01', NULL),
('315', 0, 0, 0, 1, '2017-07-01', NULL),
('315', 0, 0, 0, 1, '2017-08-01', NULL),
('315', 0, 0, 0, 1, '2017-09-01', NULL),
('315', 0, 0, 0, 1, '2017-10-01', NULL),
('315', 0, 0, 0, 1, '2017-11-01', NULL),
('315', 0, 0, 0, 1, '2017-12-01', NULL),
('316', 0, 0, 0, 1, '2017-01-01', NULL),
('316', 0, 0, 0, 1, '2017-02-01', NULL),
('316', 0, 0, 0, 1, '2017-03-01', NULL),
('316', 0, 0, 0, 1, '2017-04-01', NULL),
('316', 0, 0, 0, 1, '2017-05-01', NULL),
('316', 0, 0, 0, 1, '2017-06-01', NULL),
('316', 0, 0, 0, 1, '2017-07-01', NULL),
('316', 0, 0, 0, 1, '2017-08-01', NULL),
('316', 0, 0, 0, 1, '2017-09-01', NULL),
('316', 0, 0, 0, 1, '2017-10-01', NULL),
('316', 0, 0, 0, 1, '2017-11-01', NULL),
('316', 0, 0, 0, 1, '2017-12-01', NULL),
('317', 0, 0, 0, 1, '2017-01-01', NULL),
('317', 0, 0, 0, 1, '2017-02-01', NULL),
('317', 0, 0, 0, 1, '2017-03-01', NULL),
('317', 0, 0, 0, 1, '2017-04-01', NULL),
('317', 0, 0, 0, 1, '2017-05-01', NULL),
('317', 0, 0, 0, 1, '2017-06-01', NULL),
('317', 0, 0, 0, 1, '2017-07-01', NULL),
('317', 0, 0, 0, 1, '2017-08-01', NULL),
('317', 0, 0, 0, 1, '2017-09-01', NULL),
('317', 0, 0, 0, 1, '2017-10-01', NULL),
('317', 0, 0, 0, 1, '2017-11-01', NULL),
('317', 0, 0, 0, 1, '2017-12-01', NULL),
('318', 0, 0, 0, 1, '2017-01-01', NULL),
('318', 0, 0, 0, 1, '2017-02-01', NULL),
('318', 0, 0, 0, 1, '2017-03-01', NULL),
('318', 0, 0, 0, 1, '2017-04-01', NULL),
('318', 0, 0, 0, 1, '2017-05-01', NULL),
('318', 0, 0, 0, 1, '2017-06-01', NULL),
('318', 0, 0, 0, 1, '2017-07-01', NULL),
('318', 0, 0, 0, 1, '2017-08-01', NULL),
('318', 0, 0, 0, 1, '2017-09-01', NULL),
('318', 0, 0, 0, 1, '2017-10-01', NULL),
('318', 0, 0, 0, 1, '2017-11-01', NULL),
('318', 0, 0, 0, 1, '2017-12-01', NULL),
('319', 62646543020, 115873505360, 0.8496392581950964, 1, '2017-01-01', NULL),
('319', 115873505360, 58284825493, -0.4969960966321111, 1, '2017-02-01', NULL),
('319', 58284825493, 664137048409, 10.394681939791734, 1, '2017-03-01', NULL),
('319', 664137048409, 1341762807045, 1.0203101306564863, 1, '2017-04-01', NULL),
('319', 1341762807045, 575553064671, -0.5710470869746674, 1, '2017-05-01', NULL),
('319', 575553064671, 0, -1, 1, '2017-06-01', NULL),
('319', 0, 0, 0, 1, '2017-07-01', NULL),
('319', 0, 0, 0, 1, '2017-08-01', NULL),
('319', 0, 0, 0, 1, '2017-09-01', NULL),
('319', 0, 0, 0, 1, '2017-10-01', NULL),
('319', 0, 0, 0, 1, '2017-11-01', NULL),
('319', 0, 0, 0, 1, '2017-12-01', NULL),
('320', 9963436000, 567960000000, 56.004431001513936, 1, '2017-01-01', NULL),
('320', 567960000000, 0, -1, 1, '2017-02-01', NULL),
('320', 0, 0, 0, 1, '2017-03-01', NULL),
('320', 0, 178943692147, 1, 1, '2017-04-01', NULL),
('320', 178943692147, 1110720000000, 5.207092223667529, 1, '2017-05-01', NULL),
('320', 1110720000000, 0, -1, 1, '2017-06-01', NULL),
('320', 0, 0, 0, 1, '2017-07-01', NULL),
('320', 0, 0, 0, 1, '2017-08-01', NULL),
('320', 0, 0, 0, 1, '2017-09-01', NULL),
('320', 0, 0, 0, 1, '2017-10-01', NULL),
('320', 0, 0, 0, 1, '2017-11-01', NULL),
('320', 0, 0, 0, 1, '2017-12-01', NULL),
('321', 0, 0, 0, 1, '2017-01-01', NULL),
('321', 0, 0, 0, 1, '2017-02-01', NULL),
('321', 0, 0, 0, 1, '2017-03-01', NULL),
('321', 0, 0, 0, 1, '2017-04-01', NULL),
('321', 0, 0, 0, 1, '2017-05-01', NULL),
('321', 0, 0, 0, 1, '2017-06-01', NULL),
('321', 0, 0, 0, 1, '2017-07-01', NULL),
('321', 0, 0, 0, 1, '2017-08-01', NULL),
('321', 0, 0, 0, 1, '2017-09-01', NULL),
('321', 0, 0, 0, 1, '2017-10-01', NULL),
('321', 0, 0, 0, 1, '2017-11-01', NULL),
('321', 0, 0, 0, 1, '2017-12-01', NULL),
('322', 182260937614, 259307807699, 0.42272837555666015, 1, '2017-01-01', NULL),
('322', 259307807699, 346310114719, 0.33551749865160546, 1, '2017-02-01', NULL),
('322', 346310114719, 406397724109, 0.17350809819330798, 1, '2017-03-01', NULL),
('322', 406397724109, 361477571902, -0.11053248958390317, 1, '2017-04-01', NULL),
('322', 361477571902, 352792666151, -0.024026126172371657, 1, '2017-05-01', NULL),
('322', 352792666151, 0, -1, 1, '2017-06-01', NULL),
('322', 0, 0, 0, 1, '2017-07-01', NULL),
('322', 0, 0, 0, 1, '2017-08-01', NULL),
('322', 0, 0, 0, 1, '2017-09-01', NULL),
('322', 0, 0, 0, 1, '2017-10-01', NULL),
('322', 0, 0, 0, 1, '2017-11-01', NULL),
('322', 0, 0, 0, 1, '2017-12-01', NULL),
('323', 0, 0, 0, 1, '2017-01-01', NULL),
('323', 0, 0, 0, 1, '2017-02-01', NULL),
('323', 0, 0, 0, 1, '2017-03-01', NULL),
('323', 0, 0, 0, 1, '2017-04-01', NULL),
('323', 0, 0, 0, 1, '2017-05-01', NULL),
('323', 0, 0, 0, 1, '2017-06-01', NULL),
('323', 0, 0, 0, 1, '2017-07-01', NULL),
('323', 0, 0, 0, 1, '2017-08-01', NULL),
('323', 0, 0, 0, 1, '2017-09-01', NULL),
('323', 0, 0, 0, 1, '2017-10-01', NULL),
('323', 0, 0, 0, 1, '2017-11-01', NULL),
('323', 0, 0, 0, 1, '2017-12-01', NULL),
('324', 0, 0, 0, 1, '2017-01-01', NULL),
('324', 0, 0, 0, 1, '2017-02-01', NULL),
('324', 0, 0, 0, 1, '2017-03-01', NULL),
('324', 0, 0, 0, 1, '2017-04-01', NULL),
('324', 0, 0, 0, 1, '2017-05-01', NULL);
INSERT INTO `balance_asset_data` (`ASSET_CODE`, `START_VALUE`, `END_VALUE`, `CHANGED_RATIO`, `PERIOD_TYPE`, `PERIOD`, `DESCRIPTION`) VALUES
('324', 0, 0, 0, 1, '2017-06-01', NULL),
('324', 0, 0, 0, 1, '2017-07-01', NULL),
('324', 0, 0, 0, 1, '2017-08-01', NULL),
('324', 0, 0, 0, 1, '2017-09-01', NULL),
('324', 0, 0, 0, 1, '2017-10-01', NULL),
('324', 0, 0, 0, 1, '2017-11-01', NULL),
('324', 0, 0, 0, 1, '2017-12-01', NULL),
('330', 256236395162, 159703817816, -0.37673249846092055, 1, '2017-01-01', NULL),
('330', 159703817816, 158577153768, -0.007054709545504207, 1, '2017-02-01', NULL),
('330', 158577153768, 59781521230, -0.6230130267222416, 1, '2017-03-01', NULL),
('330', 59781521230, 350663213221, 4.865745902849786, 1, '2017-04-01', NULL),
('330', 350663213221, 77125219492, -0.7800589951150848, 1, '2017-05-01', NULL),
('330', 77125219492, 0, -1, 1, '2017-06-01', NULL),
('330', 0, 0, 0, 1, '2017-07-01', NULL),
('330', 0, 0, 0, 1, '2017-08-01', NULL),
('330', 0, 0, 0, 1, '2017-09-01', NULL),
('330', 0, 0, 0, 1, '2017-10-01', NULL),
('330', 0, 0, 0, 1, '2017-11-01', NULL),
('330', 0, 0, 0, 1, '2017-12-01', NULL),
('331', 116939763988, 0, -1, 1, '2017-01-01', NULL),
('331', 0, 0, 0, 1, '2017-02-01', NULL),
('331', 0, 0, 0, 1, '2017-03-01', NULL),
('331', 0, 0, 0, 1, '2017-04-01', NULL),
('331', 0, 0, 0, 1, '2017-05-01', NULL),
('331', 0, 0, 0, 1, '2017-06-01', NULL),
('331', 0, 0, 0, 1, '2017-07-01', NULL),
('331', 0, 0, 0, 1, '2017-08-01', NULL),
('331', 0, 0, 0, 1, '2017-09-01', NULL),
('331', 0, 0, 0, 1, '2017-10-01', NULL),
('331', 0, 0, 0, 1, '2017-11-01', NULL),
('331', 0, 0, 0, 1, '2017-12-01', NULL),
('332', 0, 0, 0, 1, '2017-01-01', NULL),
('332', 0, 0, 0, 1, '2017-02-01', NULL),
('332', 0, 0, 0, 1, '2017-03-01', NULL),
('332', 0, 0, 0, 1, '2017-04-01', NULL),
('332', 0, 0, 0, 1, '2017-05-01', NULL),
('332', 0, 0, 0, 1, '2017-06-01', NULL),
('332', 0, 0, 0, 1, '2017-07-01', NULL),
('332', 0, 0, 0, 1, '2017-08-01', NULL),
('332', 0, 0, 0, 1, '2017-09-01', NULL),
('332', 0, 0, 0, 1, '2017-10-01', NULL),
('332', 0, 0, 0, 1, '2017-11-01', NULL),
('332', 0, 0, 0, 1, '2017-12-01', NULL),
('333', 0, 0, 0, 1, '2017-01-01', NULL),
('333', 0, 0, 0, 1, '2017-02-01', NULL),
('333', 0, 0, 0, 1, '2017-03-01', NULL),
('333', 0, 0, 0, 1, '2017-04-01', NULL),
('333', 0, 0, 0, 1, '2017-05-01', NULL),
('333', 0, 0, 0, 1, '2017-06-01', NULL),
('333', 0, 0, 0, 1, '2017-07-01', NULL),
('333', 0, 0, 0, 1, '2017-08-01', NULL),
('333', 0, 0, 0, 1, '2017-09-01', NULL),
('333', 0, 0, 0, 1, '2017-10-01', NULL),
('333', 0, 0, 0, 1, '2017-11-01', NULL),
('333', 0, 0, 0, 1, '2017-12-01', NULL),
('334', 0, 0, 0, 1, '2017-01-01', NULL),
('334', 0, 0, 0, 1, '2017-02-01', NULL),
('334', 0, 0, 0, 1, '2017-03-01', NULL),
('334', 0, 0, 0, 1, '2017-04-01', NULL),
('334', 0, 0, 0, 1, '2017-05-01', NULL),
('334', 0, 0, 0, 1, '2017-06-01', NULL),
('334', 0, 0, 0, 1, '2017-07-01', NULL),
('334', 0, 0, 0, 1, '2017-08-01', NULL),
('334', 0, 0, 0, 1, '2017-09-01', NULL),
('334', 0, 0, 0, 1, '2017-10-01', NULL),
('334', 0, 0, 0, 1, '2017-11-01', NULL),
('334', 0, 0, 0, 1, '2017-12-01', NULL),
('335', 0, 0, 0, 1, '2017-01-01', NULL),
('335', 0, 0, 0, 1, '2017-02-01', NULL),
('335', 0, 0, 0, 1, '2017-03-01', NULL),
('335', 0, 0, 0, 1, '2017-04-01', NULL),
('335', 0, 0, 0, 1, '2017-05-01', NULL),
('335', 0, 0, 0, 1, '2017-06-01', NULL),
('335', 0, 0, 0, 1, '2017-07-01', NULL),
('335', 0, 0, 0, 1, '2017-08-01', NULL),
('335', 0, 0, 0, 1, '2017-09-01', NULL),
('335', 0, 0, 0, 1, '2017-10-01', NULL),
('335', 0, 0, 0, 1, '2017-11-01', NULL),
('335', 0, 0, 0, 1, '2017-12-01', NULL),
('336', 0, 16645192233, 1, 1, '2017-01-01', NULL),
('336', 16645192233, 5441500, -0.9996730887860092, 1, '2017-02-01', NULL),
('336', 5441500, 145744230, 25.783833501791786, 1, '2017-03-01', NULL),
('336', 145744230, 835376008, 4.731794720106587, 1, '2017-04-01', NULL),
('336', 835376008, 17424992, -0.9791411390402297, 1, '2017-05-01', NULL),
('336', 17424992, 0, -1, 1, '2017-06-01', NULL),
('336', 0, 0, 0, 1, '2017-07-01', NULL),
('336', 0, 0, 0, 1, '2017-08-01', NULL),
('336', 0, 0, 0, 1, '2017-09-01', NULL),
('336', 0, 0, 0, 1, '2017-10-01', NULL),
('336', 0, 0, 0, 1, '2017-11-01', NULL),
('336', 0, 0, 0, 1, '2017-12-01', NULL),
('337', 92000000000, 92000000000, 0, 1, '2017-01-01', NULL),
('337', 92000000000, 92000000000, 0, 1, '2017-02-01', NULL),
('337', 92000000000, 0, -1, 1, '2017-03-01', NULL),
('337', 0, 5036159560, 1, 1, '2017-04-01', NULL),
('337', 5036159560, 0, -1, 1, '2017-05-01', NULL),
('337', 0, 0, 0, 1, '2017-06-01', NULL),
('337', 0, 0, 0, 1, '2017-07-01', NULL),
('337', 0, 0, 0, 1, '2017-08-01', NULL),
('337', 0, 0, 0, 1, '2017-09-01', NULL),
('337', 0, 0, 0, 1, '2017-10-01', NULL),
('337', 0, 0, 0, 1, '2017-11-01', NULL),
('337', 0, 0, 0, 1, '2017-12-01', NULL),
('338', 12454295000, 0, -1, 1, '2017-01-01', NULL),
('338', 0, 0, 0, 1, '2017-02-01', NULL),
('338', 0, 0, 0, 1, '2017-03-01', NULL),
('338', 0, 184142784403, 1, 1, '2017-04-01', NULL),
('338', 184142784403, 0, -1, 1, '2017-05-01', NULL),
('338', 0, 0, 0, 1, '2017-06-01', NULL),
('338', 0, 0, 0, 1, '2017-07-01', NULL),
('338', 0, 0, 0, 1, '2017-08-01', NULL),
('338', 0, 0, 0, 1, '2017-09-01', NULL),
('338', 0, 0, 0, 1, '2017-10-01', NULL),
('338', 0, 0, 0, 1, '2017-11-01', NULL),
('338', 0, 0, 0, 1, '2017-12-01', NULL),
('339', 0, 0, 0, 1, '2017-01-01', NULL),
('339', 0, 0, 0, 1, '2017-02-01', NULL),
('339', 0, 0, 0, 1, '2017-03-01', NULL),
('339', 0, 0, 0, 1, '2017-04-01', NULL),
('339', 0, 0, 0, 1, '2017-05-01', NULL),
('339', 0, 0, 0, 1, '2017-06-01', NULL),
('339', 0, 0, 0, 1, '2017-07-01', NULL),
('339', 0, 0, 0, 1, '2017-08-01', NULL),
('339', 0, 0, 0, 1, '2017-09-01', NULL),
('339', 0, 0, 0, 1, '2017-10-01', NULL),
('339', 0, 0, 0, 1, '2017-11-01', NULL),
('339', 0, 0, 0, 1, '2017-12-01', NULL),
('340', 0, 0, 0, 1, '2017-01-01', NULL),
('340', 0, 0, 0, 1, '2017-02-01', NULL),
('340', 0, 0, 0, 1, '2017-03-01', NULL),
('340', 0, 0, 0, 1, '2017-04-01', NULL),
('340', 0, 0, 0, 1, '2017-05-01', NULL),
('340', 0, 0, 0, 1, '2017-06-01', NULL),
('340', 0, 0, 0, 1, '2017-07-01', NULL),
('340', 0, 0, 0, 1, '2017-08-01', NULL),
('340', 0, 0, 0, 1, '2017-09-01', NULL),
('340', 0, 0, 0, 1, '2017-10-01', NULL),
('340', 0, 0, 0, 1, '2017-11-01', NULL),
('340', 0, 0, 0, 1, '2017-12-01', NULL),
('341', 0, 0, 0, 1, '2017-01-01', NULL),
('341', 0, 0, 0, 1, '2017-02-01', NULL),
('341', 0, 0, 0, 1, '2017-03-01', NULL),
('341', 0, 91065600000, 1, 1, '2017-04-01', NULL),
('341', 91065600000, 0, -1, 1, '2017-05-01', NULL),
('341', 0, 0, 0, 1, '2017-06-01', NULL),
('341', 0, 0, 0, 1, '2017-07-01', NULL),
('341', 0, 0, 0, 1, '2017-08-01', NULL),
('341', 0, 0, 0, 1, '2017-09-01', NULL),
('341', 0, 0, 0, 1, '2017-10-01', NULL),
('341', 0, 0, 0, 1, '2017-11-01', NULL),
('341', 0, 0, 0, 1, '2017-12-01', NULL),
('342', 34842336174, 51058625583, 0.46541911908596123, 1, '2017-01-01', NULL),
('342', 51058625583, 66571712268, 0.3038289125072942, 1, '2017-02-01', NULL),
('342', 66571712268, 59635777000, -0.10418742483410627, 1, '2017-03-01', NULL),
('342', 59635777000, 69583293250, 0.1668045047857765, 1, '2017-04-01', NULL),
('342', 69583293250, 77107794500, 0.10813660720204558, 1, '2017-05-01', NULL),
('342', 77107794500, 0, -1, 1, '2017-06-01', NULL),
('342', 0, 0, 0, 1, '2017-07-01', NULL),
('342', 0, 0, 0, 1, '2017-08-01', NULL),
('342', 0, 0, 0, 1, '2017-09-01', NULL),
('342', 0, 0, 0, 1, '2017-10-01', NULL),
('342', 0, 0, 0, 1, '2017-11-01', NULL),
('342', 0, 0, 0, 1, '2017-12-01', NULL),
('343', 0, 0, 0, 1, '2017-01-01', NULL),
('343', 0, 0, 0, 1, '2017-02-01', NULL),
('343', 0, 0, 0, 1, '2017-03-01', NULL),
('343', 0, 0, 0, 1, '2017-04-01', NULL),
('343', 0, 0, 0, 1, '2017-05-01', NULL),
('343', 0, 0, 0, 1, '2017-06-01', NULL),
('343', 0, 0, 0, 1, '2017-07-01', NULL),
('343', 0, 0, 0, 1, '2017-08-01', NULL),
('343', 0, 0, 0, 1, '2017-09-01', NULL),
('343', 0, 0, 0, 1, '2017-10-01', NULL),
('343', 0, 0, 0, 1, '2017-11-01', NULL),
('343', 0, 0, 0, 1, '2017-12-01', NULL),
('400', 6466102011890, 7948955887860, 0.22932732475350653, 1, '2017-01-01', NULL),
('400', 7948955887860, 12412148182440, 0.5614815779008645, 1, '2017-02-01', NULL),
('400', 12412148182440, 15493096595858, 0.24822040215220362, 1, '2017-03-01', NULL),
('400', 15493096595858, 17545489315423, 0.13247143376835957, 1, '2017-04-01', NULL),
('400', 17545489315423, 19448863908451, 0.1084822747778757, 1, '2017-05-01', NULL),
('400', 19448863908451, 0, -1, 1, '2017-06-01', NULL),
('400', 0, 0, 0, 1, '2017-07-01', NULL),
('400', 0, 0, 0, 1, '2017-08-01', NULL),
('400', 0, 0, 0, 1, '2017-09-01', NULL),
('400', 0, 0, 0, 1, '2017-10-01', NULL),
('400', 0, 0, 0, 1, '2017-11-01', NULL),
('400', 0, 0, 0, 1, '2017-12-01', NULL),
('410', 6466102011890, 7948955887860, 0.22932732475350653, 1, '2017-01-01', NULL),
('410', 7948955887860, 12412148182440, 0.5614815779008645, 1, '2017-02-01', NULL),
('410', 12412148182440, 15493096595858, 0.24822040215220362, 1, '2017-03-01', NULL),
('410', 15493096595858, 17545489315423, 0.13247143376835957, 1, '2017-04-01', NULL),
('410', 17545489315423, 19448863908451, 0.1084822747778757, 1, '2017-05-01', NULL),
('410', 19448863908451, 0, -1, 1, '2017-06-01', NULL),
('410', 0, 0, 0, 1, '2017-07-01', NULL),
('410', 0, 0, 0, 1, '2017-08-01', NULL),
('410', 0, 0, 0, 1, '2017-09-01', NULL),
('410', 0, 0, 0, 1, '2017-10-01', NULL),
('410', 0, 0, 0, 1, '2017-11-01', NULL),
('410', 0, 0, 0, 1, '2017-12-01', NULL),
('411', 3512653000003, 3530721200000, 0.005143747474340496, 1, '2017-01-01', NULL),
('411', 3530721200000, 5561147540000, 0.5750741066725971, 1, '2017-02-01', NULL),
('411', 5561147540000, 8339557960000, 0.49961098856226355, 1, '2017-03-01', NULL),
('411', 8339557960000, 8339557960000, 0, 1, '2017-04-01', NULL),
('411', 8339557960000, 10006413990000, 0.19987342710428263, 1, '2017-05-01', NULL),
('411', 10006413990000, 0, -1, 1, '2017-06-01', NULL),
('411', 0, 0, 0, 1, '2017-07-01', NULL),
('411', 0, 0, 0, 1, '2017-08-01', NULL),
('411', 0, 0, 0, 1, '2017-09-01', NULL),
('411', 0, 0, 0, 1, '2017-10-01', NULL),
('411', 0, 0, 0, 1, '2017-11-01', NULL),
('411', 0, 0, 0, 1, '2017-12-01', NULL),
('412', 0, 0, 0, 1, '2017-01-01', NULL),
('412', 0, 1276994100000, 1, 1, '2017-02-01', NULL),
('412', 1276994100000, 1276994100000, 0, 1, '2017-03-01', NULL),
('412', 1276994100000, 1276994100000, 0, 1, '2017-04-01', NULL),
('412', 1276994100000, 0, -1, 1, '2017-05-01', NULL),
('412', 0, 0, 0, 1, '2017-06-01', NULL),
('412', 0, 0, 0, 1, '2017-07-01', NULL),
('412', 0, 0, 0, 1, '2017-08-01', NULL),
('412', 0, 0, 0, 1, '2017-09-01', NULL),
('412', 0, 0, 0, 1, '2017-10-01', NULL),
('412', 0, 0, 0, 1, '2017-11-01', NULL),
('412', 0, 0, 0, 1, '2017-12-01', NULL),
('413', 0, 0, 0, 1, '2017-01-01', NULL),
('413', 0, 0, 0, 1, '2017-02-01', NULL),
('413', 0, 0, 0, 1, '2017-03-01', NULL),
('413', 0, 0, 0, 1, '2017-04-01', NULL),
('413', 0, 0, 0, 1, '2017-05-01', NULL),
('413', 0, 0, 0, 1, '2017-06-01', NULL),
('413', 0, 0, 0, 1, '2017-07-01', NULL),
('413', 0, 0, 0, 1, '2017-08-01', NULL),
('413', 0, 0, 0, 1, '2017-09-01', NULL),
('413', 0, 0, 0, 1, '2017-10-01', NULL),
('413', 0, 0, 0, 1, '2017-11-01', NULL),
('413', 0, 0, 0, 1, '2017-12-01', NULL),
('414', 0, 0, 0, 1, '2017-01-01', NULL),
('414', 0, 0, 0, 1, '2017-02-01', NULL),
('414', 0, 0, 0, 1, '2017-03-01', NULL),
('414', 0, 0, 0, 1, '2017-04-01', NULL),
('414', 0, 0, 0, 1, '2017-05-01', NULL),
('414', 0, 0, 0, 1, '2017-06-01', NULL),
('414', 0, 0, 0, 1, '2017-07-01', NULL),
('414', 0, 0, 0, 1, '2017-08-01', NULL),
('414', 0, 0, 0, 1, '2017-09-01', NULL),
('414', 0, 0, 0, 1, '2017-10-01', NULL),
('414', 0, 0, 0, 1, '2017-11-01', NULL),
('414', 0, 0, 0, 1, '2017-12-01', NULL),
('415', -154222000, -669051000, 3.338233196301436, 1, '2017-01-01', NULL),
('415', -669051000, -2521794000, 2.769210418936673, 1, '2017-02-01', NULL),
('415', -2521794000, -4504115000, 0.7860757064216982, 1, '2017-03-01', NULL),
('415', -4504115000, -5068507959, 0.1253060721140557, 1, '2017-04-01', NULL),
('415', -5068507959, -5388109959, 0.06305642658259857, 1, '2017-05-01', NULL),
('415', -5388109959, 0, 1, 1, '2017-06-01', NULL),
('415', 0, 0, 0, 1, '2017-07-01', NULL),
('415', 0, 0, 0, 1, '2017-08-01', NULL),
('415', 0, 0, 0, 1, '2017-09-01', NULL),
('415', 0, 0, 0, 1, '2017-10-01', NULL),
('415', 0, 0, 0, 1, '2017-11-01', NULL),
('415', 0, 0, 0, 1, '2017-12-01', NULL),
('416', 0, 0, 0, 1, '2017-01-01', NULL),
('416', 0, 0, 0, 1, '2017-02-01', NULL),
('416', 0, 0, 0, 1, '2017-03-01', NULL),
('416', 0, 0, 0, 1, '2017-04-01', NULL),
('416', 0, 0, 0, 1, '2017-05-01', NULL),
('416', 0, 0, 0, 1, '2017-06-01', NULL),
('416', 0, 0, 0, 1, '2017-07-01', NULL),
('416', 0, 0, 0, 1, '2017-08-01', NULL),
('416', 0, 0, 0, 1, '2017-09-01', NULL),
('416', 0, 0, 0, 1, '2017-10-01', NULL),
('416', 0, 0, 0, 1, '2017-11-01', NULL),
('416', 0, 0, 0, 1, '2017-12-01', NULL),
('417', 0, 0, 0, 1, '2017-01-01', NULL),
('417', 0, 0, 0, 1, '2017-02-01', NULL),
('417', 0, 0, 0, 1, '2017-03-01', NULL),
('417', 0, 0, 0, 1, '2017-04-01', NULL),
('417', 0, 0, 0, 1, '2017-05-01', NULL),
('417', 0, 0, 0, 1, '2017-06-01', NULL),
('417', 0, 0, 0, 1, '2017-07-01', NULL),
('417', 0, 0, 0, 1, '2017-08-01', NULL),
('417', 0, 0, 0, 1, '2017-09-01', NULL),
('417', 0, 0, 0, 1, '2017-10-01', NULL),
('417', 0, 0, 0, 1, '2017-11-01', NULL),
('417', 0, 0, 0, 1, '2017-12-01', NULL),
('418', 1756981910349, 2172290389855, 0.23637607027126692, 1, '2017-01-01', NULL),
('418', 2172290389855, 908024236384, -0.5819968450697742, 1, '2017-02-01', NULL),
('418', 908024236384, 93889017729, -0.8966007580338475, 1, '2017-03-01', NULL),
('418', 93889017729, 950237983612, 9.120864043489668, 1, '2017-04-01', NULL),
('418', 950237983612, 1550028784604, 0.6312006164099054, 1, '2017-05-01', NULL),
('418', 1550028784604, 0, -1, 1, '2017-06-01', NULL),
('418', 0, 0, 0, 1, '2017-07-01', NULL),
('418', 0, 0, 0, 1, '2017-08-01', NULL),
('418', 0, 0, 0, 1, '2017-09-01', NULL),
('418', 0, 0, 0, 1, '2017-10-01', NULL),
('418', 0, 0, 0, 1, '2017-11-01', NULL),
('418', 0, 0, 0, 1, '2017-12-01', NULL),
('419', 0, 0, 0, 1, '2017-01-01', NULL),
('419', 0, 0, 0, 1, '2017-02-01', NULL),
('419', 0, 0, 0, 1, '2017-03-01', NULL),
('419', 0, 0, 0, 1, '2017-04-01', NULL),
('419', 0, 0, 0, 1, '2017-05-01', NULL),
('419', 0, 0, 0, 1, '2017-06-01', NULL),
('419', 0, 0, 0, 1, '2017-07-01', NULL),
('419', 0, 0, 0, 1, '2017-08-01', NULL),
('419', 0, 0, 0, 1, '2017-09-01', NULL),
('419', 0, 0, 0, 1, '2017-10-01', NULL),
('419', 0, 0, 0, 1, '2017-11-01', NULL),
('419', 0, 0, 0, 1, '2017-12-01', NULL),
('420', 297400876631, 353072120000, 0.18719260010142494, 1, '2017-01-01', NULL),
('420', 353072120000, 556114754000, 0.5750741066725971, 1, '2017-02-01', NULL),
('420', 556114754000, 588402022008, 0.05805864306919647, 1, '2017-03-01', NULL),
('420', 588402022008, 833955796000, 0.4173231307975713, 1, '2017-04-01', NULL),
('420', 833955796000, 971689582340, 0.16515717859463142, 1, '2017-05-01', NULL),
('420', 971689582340, 0, -1, 1, '2017-06-01', NULL),
('420', 0, 0, 0, 1, '2017-07-01', NULL),
('420', 0, 0, 0, 1, '2017-08-01', NULL),
('420', 0, 0, 0, 1, '2017-09-01', NULL),
('420', 0, 0, 0, 1, '2017-10-01', NULL),
('420', 0, 0, 0, 1, '2017-11-01', NULL),
('420', 0, 0, 0, 1, '2017-12-01', NULL),
('421', 899220446907, 1893541229005, 1.1057586440767795, 1, '2017-01-01', NULL),
('421', 1893541229005, 4112389346056, 1.1717981542007085, 1, '2017-02-01', NULL),
('421', 4112389346056, 5198757611121, 0.26416960400573086, 1, '2017-03-01', NULL),
('421', 5198757611121, 6149811983770, 0.18293877956812948, 1, '2017-04-01', NULL),
('421', 6149811983770, 6926119661466, 0.12623274983767918, 1, '2017-05-01', NULL),
('421', 6926119661466, 0, -1, 1, '2017-06-01', NULL),
('421', 0, 0, 0, 1, '2017-07-01', NULL),
('421', 0, 0, 0, 1, '2017-08-01', NULL),
('421', 0, 0, 0, 1, '2017-09-01', NULL),
('421', 0, 0, 0, 1, '2017-10-01', NULL),
('421', 0, 0, 0, 1, '2017-11-01', NULL),
('421', 0, 0, 0, 1, '2017-12-01', NULL),
('421a', 0, 0, 0, 1, '2017-01-01', NULL),
('421a', 0, 0, 0, 1, '2017-02-01', NULL),
('421a', 0, 0, 0, 1, '2017-03-01', NULL),
('421a', 0, 0, 0, 1, '2017-04-01', NULL),
('421a', 0, 0, 0, 1, '2017-05-01', NULL),
('421a', 0, 0, 0, 1, '2017-06-01', NULL),
('421a', 0, 0, 0, 1, '2017-07-01', NULL),
('421a', 0, 0, 0, 1, '2017-08-01', NULL),
('421a', 0, 0, 0, 1, '2017-09-01', NULL),
('421a', 0, 0, 0, 1, '2017-10-01', NULL),
('421a', 0, 0, 0, 1, '2017-11-01', NULL),
('421a', 0, 0, 0, 1, '2017-12-01', NULL),
('421b', 0, 0, 0, 1, '2017-01-01', NULL),
('421b', 0, 0, 0, 1, '2017-02-01', NULL),
('421b', 0, 0, 0, 1, '2017-03-01', NULL),
('421b', 0, 0, 0, 1, '2017-04-01', NULL),
('421b', 0, 0, 0, 1, '2017-05-01', NULL),
('421b', 0, 0, 0, 1, '2017-06-01', NULL),
('421b', 0, 0, 0, 1, '2017-07-01', NULL),
('421b', 0, 0, 0, 1, '2017-08-01', NULL),
('421b', 0, 0, 0, 1, '2017-09-01', NULL),
('421b', 0, 0, 0, 1, '2017-10-01', NULL),
('421b', 0, 0, 0, 1, '2017-11-01', NULL),
('421b', 0, 0, 0, 1, '2017-12-01', NULL),
('422', 0, 0, 0, 1, '2017-01-01', NULL),
('422', 0, 0, 0, 1, '2017-02-01', NULL),
('422', 0, 0, 0, 1, '2017-03-01', NULL),
('422', 0, 0, 0, 1, '2017-04-01', NULL),
('422', 0, 0, 0, 1, '2017-05-01', NULL),
('422', 0, 0, 0, 1, '2017-06-01', NULL),
('422', 0, 0, 0, 1, '2017-07-01', NULL),
('422', 0, 0, 0, 1, '2017-08-01', NULL),
('422', 0, 0, 0, 1, '2017-09-01', NULL),
('422', 0, 0, 0, 1, '2017-10-01', NULL),
('422', 0, 0, 0, 1, '2017-11-01', NULL),
('422', 0, 0, 0, 1, '2017-12-01', NULL),
('430', 0, 0, 0, 1, '2017-01-01', NULL),
('430', 0, 0, 0, 1, '2017-02-01', NULL),
('430', 0, 0, 0, 1, '2017-03-01', NULL),
('430', 0, 0, 0, 1, '2017-04-01', NULL),
('430', 0, 0, 0, 1, '2017-05-01', NULL),
('430', 0, 0, 0, 1, '2017-06-01', NULL),
('430', 0, 0, 0, 1, '2017-07-01', NULL),
('430', 0, 0, 0, 1, '2017-08-01', NULL),
('430', 0, 0, 0, 1, '2017-09-01', NULL),
('430', 0, 0, 0, 1, '2017-10-01', NULL),
('430', 0, 0, 0, 1, '2017-11-01', NULL),
('430', 0, 0, 0, 1, '2017-12-01', NULL),
('431', 0, 0, 0, 1, '2017-01-01', NULL),
('431', 0, 0, 0, 1, '2017-02-01', NULL),
('431', 0, 0, 0, 1, '2017-03-01', NULL),
('431', 0, 0, 0, 1, '2017-04-01', NULL),
('431', 0, 0, 0, 1, '2017-05-01', NULL),
('431', 0, 0, 0, 1, '2017-06-01', NULL),
('431', 0, 0, 0, 1, '2017-07-01', NULL),
('431', 0, 0, 0, 1, '2017-08-01', NULL),
('431', 0, 0, 0, 1, '2017-09-01', NULL),
('431', 0, 0, 0, 1, '2017-10-01', NULL),
('431', 0, 0, 0, 1, '2017-11-01', NULL),
('431', 0, 0, 0, 1, '2017-12-01', NULL),
('432', 0, 0, 0, 1, '2017-01-01', NULL),
('432', 0, 0, 0, 1, '2017-02-01', NULL),
('432', 0, 0, 0, 1, '2017-03-01', NULL),
('432', 0, 0, 0, 1, '2017-04-01', NULL),
('432', 0, 0, 0, 1, '2017-05-01', NULL),
('432', 0, 0, 0, 1, '2017-06-01', NULL),
('432', 0, 0, 0, 1, '2017-07-01', NULL),
('432', 0, 0, 0, 1, '2017-08-01', NULL),
('432', 0, 0, 0, 1, '2017-09-01', NULL),
('432', 0, 0, 0, 1, '2017-10-01', NULL),
('432', 0, 0, 0, 1, '2017-11-01', NULL),
('432', 0, 0, 0, 1, '2017-12-01', NULL),
('439', 0, 0, 0, 1, '2017-01-01', NULL),
('439', 0, 0, 0, 1, '2017-02-01', NULL),
('439', 0, 0, 0, 1, '2017-03-01', NULL),
('439', 0, 22863933884, 1, 1, '2017-04-01', NULL),
('439', 22863933884, 0, -1, 1, '2017-05-01', NULL),
('439', 0, 0, 0, 1, '2017-06-01', NULL),
('439', 0, 0, 0, 1, '2017-07-01', NULL),
('439', 0, 0, 0, 1, '2017-08-01', NULL),
('439', 0, 0, 0, 1, '2017-09-01', NULL),
('439', 0, 0, 0, 1, '2017-10-01', NULL),
('439', 0, 0, 0, 1, '2017-11-01', NULL),
('439', 0, 0, 0, 1, '2017-12-01', NULL),
('440', 8433931463839, 10752306226329, 0.27488660210604915, 1, '2017-01-01', NULL),
('440', 10752306226329, 15564318125515, 0.4475330034223638, 1, '2017-02-01', NULL),
('440', 15564318125515, 19697868420379, 0.26557863065570225, 1, '2017-03-01', NULL),
('440', 19697868420379, 22875414056636, 0.1613141873244304, 1, '2017-04-01', NULL),
('440', 22875414056636, 24482641393284, 0.07026003256897352, 1, '2017-05-01', NULL),
('440', 24482641393284, 0, -1, 1, '2017-06-01', NULL),
('440', 0, 0, 0, 1, '2017-07-01', NULL),
('440', 0, 0, 0, 1, '2017-08-01', NULL),
('440', 0, 0, 0, 1, '2017-09-01', NULL),
('440', 0, 0, 0, 1, '2017-10-01', NULL),
('440', 0, 0, 0, 1, '2017-11-01', NULL),
('440', 0, 0, 0, 1, '2017-12-01', NULL);


INSERT INTO `sale_result_item` (`ASSET_CODE`, `ASSET_NAME`, `ASSET_PARENT`, `RULE`, `NOTE`, `SO_DU`) VALUES
('01', 'Doanh thu bn hng v cung cp dch v', NULL, '', 'VI.25', -1),
('02', 'Cc khon gim tr', NULL, '', NULL, -1),
('10', 'Doanh thu thun v bn hng v cung cp dch v', NULL, '( 10 = 01 - 02 )', NULL, -1),
('11', 'Ga vn hng bn', NULL, '', 'VI.27', -1),
('20', 'Li nhun gp v bn hng v cung cp dch v', NULL, '( 20 = 10 - 11 )', NULL, -1),
('21', 'Doanh thu hot ng ti chnh', NULL, '', 'VI.26', -1),
('22', 'Chi ph ti chnh', NULL, '', 'VI.28', -1),
('23', 'Trong : li vay phi tr', NULL, '', NULL, -1),
('24', 'Chi ph bn hng', NULL, '', NULL, -1),
('25', 'Chi ph qun l doanh nghip', NULL, '', NULL, -1),
('30', 'Li nhun thun t hot ng kinh doanh', NULL, '[30 = 20 + ( 21- 22)- (24 + 25)]', NULL, -1),
('31', 'Thu nhp khc', NULL, '', NULL, -1),
('32', 'Chi ph khc', NULL, '', NULL, -1),
('40', 'Li nhun khc', NULL, '( 40= 31 - 32)', NULL, -1),
('41', 'Phn li (l) trong lin doanh/lin kt', NULL, '', NULL, -1),
('50', 'Tng li nhun trc thu', NULL, '( 50 = 30 + 40)', NULL, -1),
('51', 'Chi ph thu thu nhp dn hin hnh', NULL, '', 'VI.30', -1),
('52', 'Chi ph thu thu nhp dn hon li', NULL, '', 'VI.30', -1),
('60', 'Li nhun sau thu', NULL, '(60=50-51-52)', NULL, -1);

INSERT INTO `sale_result_data` (`ASSET_CODE`, `START_VALUE`, `END_VALUE`, `CHANGED_RATIO`, `PERIOD_TYPE`, `PERIOD`, `DESCRIPTION`) VALUES
('01', 10856364113495, 16173754854110, 0.48979480469020187, 1, '2017-01-01', NULL),
('01', 16173754854110, 22264531786640, 0.3765839774047422, 1, '2017-02-01', NULL),
('01', 22264531786640, 27101683739278, 0.21725819338992655, 1, '2017-03-01', NULL),
('01', 27101683739278, 31586007133622, 0.16546290767333205, 1, '2017-04-01', NULL),
('01', 31586007133622, 33068937469256, 0.046948964753936305, 1, '2017-05-01', NULL),
('01', 33068937469256, 38009930558904, 0.1494149334021274, 1, '2017-06-01', NULL),
('01', 38009930558904, 0, -1, 1, '2017-07-01', NULL),
('01', 0, 0, 0, 1, '2017-08-01', NULL),
('01', 0, 0, 0, 1, '2017-09-01', NULL),
('01', 0, 0, 0, 1, '2017-10-01', NULL),
('01', 0, 0, 0, 1, '2017-11-01', NULL),
('01', 0, 0, 0, 1, '2017-12-01', NULL),
('02', 206370629645, 328600184161, 0.592281734693837, 1, '2017-01-01', NULL),
('02', 328600184161, 443128597657, 0.3485342340523035, 1, '2017-02-01', NULL),
('02', 443128597657, 540109559314, 0.21885511828795873, 1, '2017-03-01', NULL),
('02', 540109559314, 637405006316, 0.18014020549011608, 1, '2017-04-01', NULL),
('02', 637405006316, 677713289636, 0.06323810280839991, 1, '2017-05-01', NULL),
('02', 677713289636, 96431044141, -0.8577111506950186, 1, '2017-06-01', NULL),
('02', 96431044141, 0, -1, 1, '2017-07-01', NULL),
('02', 0, 0, 0, 1, '2017-08-01', NULL),
('02', 0, 0, 0, 1, '2017-09-01', NULL),
('02', 0, 0, 0, 1, '2017-10-01', NULL),
('02', 0, 0, 0, 1, '2017-11-01', NULL),
('02', 0, 0, 0, 1, '2017-12-01', NULL),
('10', 10649993483850, 15845154669949, 0.4878088605384701, 1, '2017-01-01', NULL),
('10', 15845154669949, 21821403188983, 0.37716567894210623, 1, '2017-02-01', NULL),
('10', 21821403188983, 26561574179964, 0.21722576453626852, 1, '2017-03-01', NULL),
('10', 26561574179964, 30948602127306, 0.1651644559022874, 1, '2017-04-01', NULL),
('10', 30948602127306, 32391224179620, 0.04661348019467323, 1, '2017-05-01', NULL),
('10', 32391224179620, 37913499514763, 0.1704867745819104, 1, '2017-06-01', NULL),
('10', 37913499514763, 0, -1, 1, '2017-07-01', NULL),
('10', 0, 0, 0, 1, '2017-08-01', NULL),
('10', 0, 0, 0, 1, '2017-09-01', NULL),
('10', 0, 0, 0, 1, '2017-10-01', NULL),
('10', 0, 0, 0, 1, '2017-11-01', NULL),
('10', 0, 0, 0, 1, '2017-12-01', NULL),
('11', 6777573637378, 10676719801966, 0.5753011878888917, 1, '2017-01-01', NULL),
('11', 10676719801966, 15267378200645, 0.4299689870884952, 1, '2017-02-01', NULL),
('11', 15267378200645, 17484830247188, 0.14524118138694694, 1, '2017-03-01', NULL),
('11', 17484830247188, 19765793680474, 0.13045385062590678, 1, '2017-04-01', NULL),
('11', 19765793680474, 20669829791908, 0.045737405036614776, 1, '2017-05-01', NULL),
('11', 20669829791908, 22470518366089, 0.0871167586917406, 1, '2017-06-01', NULL),
('11', 22470518366089, 0, -1, 1, '2017-07-01', NULL),
('11', 0, 0, 0, 1, '2017-08-01', NULL),
('11', 0, 0, 0, 1, '2017-09-01', NULL),
('11', 0, 0, 0, 1, '2017-10-01', NULL),
('11', 0, 0, 0, 1, '2017-11-01', NULL),
('11', 0, 0, 0, 1, '2017-12-01', NULL),
('20', 3872419846472, 5168434867983, 0.33467833367596883, 1, '2017-01-01', NULL),
('20', 5168434867983, 6554024988338, 0.26808698488943744, 1, '2017-02-01', NULL),
('20', 6554024988338, 9076743932776, 0.38491140160845233, 1, '2017-03-01', NULL),
('20', 9076743932776, 11182808446832, 0.23202863600140017, 1, '2017-04-01', NULL),
('20', 11182808446832, 11721394387712, 0.048161957118435406, 1, '2017-05-01', NULL),
('20', 11721394387712, 15442981148674, 0.3175037574764557, 1, '2017-06-01', NULL),
('20', 15442981148674, 0, -1, 1, '2017-07-01', NULL),
('20', 0, 0, 0, 1, '2017-08-01', NULL),
('20', 0, 0, 0, 1, '2017-09-01', NULL),
('20', 0, 0, 0, 1, '2017-10-01', NULL),
('20', 0, 0, 0, 1, '2017-11-01', NULL),
('20', 0, 0, 0, 1, '2017-12-01', NULL),
('21', 435650789236, 447982910578, 0.028307354529591967, 1, '2017-01-01', NULL),
('21', 447982910578, 679547489380, 0.5169049384121125, 1, '2017-02-01', NULL),
('21', 679547489380, 475238586049, -0.30065434207902925, 1, '2017-03-01', NULL),
('21', 475238586049, 507347709516, 0.06756421807822094, 1, '2017-04-01', NULL),
('21', 507347709516, 581280739214, 0.14572457569293196, 1, '2017-05-01', NULL),
('21', 581280739214, 639783992634, 0.10064543597145041, 1, '2017-06-01', NULL),
('21', 639783992634, 0, -1, 1, '2017-07-01', NULL),
('21', 0, 0, 0, 1, '2017-08-01', NULL),
('21', 0, 0, 0, 1, '2017-09-01', NULL),
('21', 0, 0, 0, 1, '2017-10-01', NULL),
('21', 0, 0, 0, 1, '2017-11-01', NULL),
('21', 0, 0, 0, 1, '2017-12-01', NULL),
('22', 187163859556, 186706228159, -0.002445084206350614, 1, '2017-01-01', NULL),
('22', 186706228159, 332121618469, 0.7788459535809565, 1, '2017-02-01', NULL),
('22', 332121618469, 51171129415, -0.8459265324224106, 1, '2017-03-01', NULL),
('22', 51171129415, 90790817490, 0.7742586205921443, 1, '2017-04-01', NULL),
('22', 90790817490, 27179875582, -0.7006318884066257, 1, '2017-05-01', NULL),
('22', 27179875582, 114125221658, 3.1988868313135312, 1, '2017-06-01', NULL),
('22', 114125221658, 0, -1, 1, '2017-07-01', NULL),
('22', 0, 0, 0, 1, '2017-08-01', NULL),
('22', 0, 0, 0, 1, '2017-09-01', NULL),
('22', 0, 0, 0, 1, '2017-10-01', NULL),
('22', 0, 0, 0, 1, '2017-11-01', NULL),
('22', 0, 0, 0, 1, '2017-12-01', NULL),
('23', 0, 6003810273, 1, 1, '2017-01-01', NULL),
('23', 6003810273, 13933130085, 1.3207145881440148, 1, '2017-02-01', NULL),
('23', 13933130085, 3114837973, -0.7764437743710336, 1, '2017-03-01', NULL),
('23', 3114837973, 104027048, -0.9666027418113796, 1, '2017-04-01', NULL),
('23', 104027048, 7444530604, 70.5634130461916, 1, '2017-05-01', NULL),
('23', 7444530604, 13936351072, 0.8720254927170153, 1, '2017-06-01', NULL),
('23', 13936351072, 0, -1, 1, '2017-07-01', NULL),
('23', 0, 0, 0, 1, '2017-08-01', NULL),
('23', 0, 0, 0, 1, '2017-09-01', NULL),
('23', 0, 0, 0, 1, '2017-10-01', NULL),
('23', 0, 0, 0, 1, '2017-11-01', NULL),
('23', 0, 0, 0, 1, '2017-12-01', NULL),
('24', 1245476021840, 1438185805872, 0.15472781543180641, 1, '2017-01-01', NULL),
('24', 1438185805872, 1811943544902, 0.25988139884566824, 1, '2017-02-01', NULL),
('24', 1811943544902, 2345789341875, 0.29462606518564205, 1, '2017-03-01', NULL),
('24', 2345789341875, 3276431628666, 0.39672884098242744, 1, '2017-04-01', NULL),
('24', 3276431628666, 4356702582567, 0.3297095976151447, 1, '2017-05-01', NULL),
('24', 4356702582567, 5883383256260, 0.3504211372614444, 1, '2017-06-01', NULL),
('24', 5883383256260, 0, -1, 1, '2017-07-01', NULL),
('24', 0, 0, 0, 1, '2017-08-01', NULL),
('24', 0, 0, 0, 1, '2017-09-01', NULL),
('24', 0, 0, 0, 1, '2017-10-01', NULL),
('24', 0, 0, 0, 1, '2017-11-01', NULL),
('24', 0, 0, 0, 1, '2017-12-01', NULL),
('25', 279959615835, 370492890936, 0.32337976615297853, 1, '2017-01-01', NULL),
('25', 370492890936, 434273596118, 0.17215095550380657, 1, '2017-02-01', NULL),
('25', 434273596118, 525197269346, 0.20936956342907478, 1, '2017-03-01', NULL),
('25', 525197269346, 611255506250, 0.1638588810851277, 1, '2017-04-01', NULL),
('25', 611255506250, 608868603241, -0.00390491862174534, 1, '2017-05-01', NULL),
('25', 608868603241, 962654397973, 0.5810544226600002, 1, '2017-06-01', NULL),
('25', 962654397973, 0, -1, 1, '2017-07-01', NULL),
('25', 0, 0, 0, 1, '2017-08-01', NULL),
('25', 0, 0, 0, 1, '2017-09-01', NULL),
('25', 0, 0, 0, 1, '2017-10-01', NULL),
('25', 0, 0, 0, 1, '2017-11-01', NULL),
('25', 0, 0, 0, 1, '2017-12-01', NULL),
('30', 2595471138477, 3621032853594, 0.39513508738871617, 1, '2017-01-01', NULL),
('30', 3621032853594, 4655233718229, 0.28560935690172484, 1, '2017-02-01', NULL),
('30', 4655233718229, 6629824778189, 0.424165826997661, 1, '2017-03-01', NULL),
('30', 6629824778189, 7711678203942, 0.16317979161562676, 1, '2017-04-01', NULL),
('30', 7711678203942, 7309924065536, -0.0520968494510876, 1, '2017-05-01', NULL),
('30', 7309924065536, 9122602265417, 0.24797496986695244, 1, '2017-06-01', NULL),
('30', 9122602265417, 0, -1, 1, '2017-07-01', NULL),
('30', 0, 0, 0, 1, '2017-08-01', NULL),
('30', 0, 0, 0, 1, '2017-09-01', NULL),
('30', 0, 0, 0, 1, '2017-10-01', NULL),
('30', 0, 0, 0, 1, '2017-11-01', NULL),
('30', 0, 0, 0, 1, '2017-12-01', NULL),
('31', 137093220509, 610517546817, 3.4533022460940748, 1, '2017-01-01', NULL),
('31', 610517546817, 362545328799, -0.4061672253497549, 1, '2017-02-01', NULL),
('31', 362545328799, 350323343748, -0.03371160536390756, 1, '2017-03-01', NULL),
('31', 350323343748, 313457899019, -0.10523262405122115, 1, '2017-04-01', NULL),
('31', 313457899019, 300637730171, -0.04089917302490092, 1, '2017-05-01', NULL),
('31', 300637730171, 243666523615, -0.18950118643988995, 1, '2017-06-01', NULL),
('31', 243666523615, 0, -1, 1, '2017-07-01', NULL),
('31', 0, 0, 0, 1, '2017-08-01', NULL),
('31', 0, 0, 0, 1, '2017-09-01', NULL),
('31', 0, 0, 0, 1, '2017-10-01', NULL),
('31', 0, 0, 0, 1, '2017-11-01', NULL),
('31', 0, 0, 0, 1, '2017-12-01', NULL),
('32', 0, 0, 0, 1, '2017-01-01', NULL),
('32', 0, 85269643075, 1, 1, '2017-02-01', NULL),
('32', 85269643075, 63006276113, -0.2610937041499983, 1, '2017-03-01', NULL),
('32', 63006276113, 58819862034, -0.06644439788016963, 1, '2017-04-01', NULL),
('32', 58819862034, 73859569880, 0.25569097454370954, 1, '2017-05-01', NULL),
('32', 73859569880, 120734150499, 0.6346446465252554, 1, '2017-06-01', NULL),
('32', 120734150499, 0, -1, 1, '2017-07-01', NULL),
('32', 0, 0, 0, 1, '2017-08-01', NULL),
('32', 0, 0, 0, 1, '2017-09-01', NULL),
('32', 0, 0, 0, 1, '2017-10-01', NULL),
('32', 0, 0, 0, 1, '2017-11-01', NULL),
('32', 0, 0, 0, 1, '2017-12-01', NULL),
('40', 137093220509, 610517546817, 3.4533022460940748, 1, '2017-01-01', NULL),
('40', 610517546817, 277275685724, -0.5458350260862982, 1, '2017-02-01', NULL),
('40', 277275685724, 287317067635, 0.03621443360524292, 1, '2017-03-01', NULL),
('40', 287317067635, 254638036985, -0.11373856387645782, 1, '2017-04-01', NULL),
('40', 254638036985, 226778160291, -0.10940972143781152, 1, '2017-05-01', NULL),
('40', 226778160291, 122932373116, -0.4579179363733522, 1, '2017-06-01', NULL),
('40', 122932373116, 0, -1, 1, '2017-07-01', NULL),
('40', 0, 0, 0, 1, '2017-08-01', NULL),
('40', 0, 0, 0, 1, '2017-09-01', NULL),
('40', 0, 0, 0, 1, '2017-10-01', NULL),
('40', 0, 0, 0, 1, '2017-11-01', NULL),
('40', 0, 0, 0, 1, '2017-12-01', NULL),
('41', 0, 0, 0, 1, '2017-01-01', NULL),
('41', 0, 0, 0, 1, '2017-02-01', NULL),
('41', 0, 12526171255, 0, 1, '2017-03-01', NULL),
('41', 12526171255, 43940615792, 0, 1, '2017-04-01', NULL),
('41', 43940615792, 0, 0, 1, '2017-05-01', NULL),
('41', 0, 0, 0, 1, '2017-06-01', NULL),
('41', 0, 0, 0, 1, '2017-07-01', NULL),
('41', 0, 0, 0, 1, '2017-08-01', NULL),
('41', 0, 0, 0, 1, '2017-09-01', NULL),
('41', 0, 0, 0, 1, '2017-10-01', NULL),
('41', 0, 0, 0, 1, '2017-11-01', NULL),
('41', 0, 0, 0, 1, '2017-12-01', NULL),
('50', 2732564358986, 4231550400411, 0.5485638559602833, 1, '2017-01-01', NULL),
('50', 4231550400411, 4932509403953, 0.16565063326999901, 1, '2017-02-01', NULL),
('50', 4932509403953, 6929668017079, 0.40489707156471755, 1, '2017-03-01', NULL),
('50', 6929668017079, 8010256856719, 0.15593659566039222, 1, '2017-04-01', NULL),
('50', 8010256856719, 7536702225827, -0.059118532571746756, 1, '2017-05-01', NULL),
('50', 7536702225827, 9245534638533, 0.22673476561806052, 1, '2017-06-01', NULL),
('50', 9245534638533, 0, -1, 1, '2017-07-01', NULL),
('50', 0, 0, 0, 1, '2017-08-01', NULL),
('50', 0, 0, 0, 1, '2017-09-01', NULL),
('50', 0, 0, 0, 1, '2017-10-01', NULL),
('50', 0, 0, 0, 1, '2017-11-01', NULL),
('50', 0, 0, 0, 1, '2017-12-01', NULL),
('51', 357664782907, 645058588114, 0.803528384514525, 1, '2017-01-01', NULL),
('51', 645058588114, 778367649176, 0.206661942834936, 1, '2017-02-01', NULL),
('51', 778367649176, 1137571835560, 0.46148396167834416, 1, '2017-03-01', NULL),
('51', 1137571835560, 1483448216660, 0.3040479469410678, 1, '2017-04-01', NULL),
('51', 1483448216660, 1574286761679, 0.061234725957286185, 1, '2017-05-01', NULL),
('51', 1574286761679, 1442545945664, -0.08368285830879788, 1, '2017-06-01', NULL),
('51', 1442545945664, 0, -1, 1, '2017-07-01', NULL),
('51', 0, 0, 0, 1, '2017-08-01', NULL),
('51', 0, 0, 0, 1, '2017-09-01', NULL),
('51', 0, 0, 0, 1, '2017-10-01', NULL),
('51', 0, 0, 0, 1, '2017-11-01', NULL),
('51', 0, 0, 0, 1, '2017-12-01', NULL),
('52', -6245696829, -9344103477, 0.49608662297111317, 1, '2017-01-01', NULL),
('52', -9344103477, -12463242524, 0.33380827327924933, 1, '2017-02-01', NULL),
('52', -12463242524, -27358535564, 1.1951378633061733, 1, '2017-03-01', NULL),
('52', -27358535564, -7298675568, -0.7332212628513628, 1, '2017-04-01', NULL),
('52', -7298675568, -35492545769, 3.8628748378146844, 1, '2017-05-01', NULL),
('52', -35492545769, 125612981095, 4.539136975762196, 1, '2017-06-01', NULL),
('52', 125612981095, 0, -1, 1, '2017-07-01', NULL),
('52', 0, 0, 0, 1, '2017-08-01', NULL),
('52', 0, 0, 0, 1, '2017-09-01', NULL),
('52', 0, 0, 0, 1, '2017-10-01', NULL),
('52', 0, 0, 0, 1, '2017-11-01', NULL),
('52', 0, 0, 0, 1, '2017-12-01', NULL),
('60', 2381145272908, 3595835915774, 0.5101287421168326, 1, '2017-01-01', NULL),
('60', 3595835915774, 4166604997301, 0.15873056916284306, 1, '2017-02-01', NULL),
('60', 4166604997301, 5819454717083, 0.3966898040137392, 1, '2017-03-01', NULL),
('60', 5819454717083, 6534107315627, 0.12280404836661732, 1, '2017-04-01', NULL),
('60', 6534107315627, 5997908009917, -0.08206160073735295, 1, '2017-05-01', NULL),
('60', 5997908009917, 7677375711774, 0.280008912954342, 1, '2017-06-01', NULL),
('60', 7677375711774, 0, -1, 1, '2017-07-01', NULL),
('60', 0, 0, 0, 1, '2017-08-01', NULL),
('60', 0, 0, 0, 1, '2017-09-01', NULL),
('60', 0, 0, 0, 1, '2017-10-01', NULL),
('60', 0, 0, 0, 1, '2017-11-01', NULL),
('60', 0, 0, 0, 1, '2017-12-01', NULL);

INSERT INTO `cash_flow_item` (`ASSET_CODE`, `ASSET_NAME`, `ASSET_PARENT`, `RULE`, `NOTE`, `SO_DU`) VALUES
('01', 'Li nhun trc thu', NULL, '', NULL, -1),
('02', 'Khu hao tsc v bst', NULL, '', NULL, -1),
('03', 'Cc khon d phng', NULL, '', NULL, -1),
('04', 'Li, l chnh lch t gi hi oi do nh gi li cc khon mc tin t c gc ngoi t', NULL, '', NULL, -1),
('05', 'Li, l t hot ng u t', NULL, '', NULL, -1),
('06', 'Chi ph li vay', NULL, '', NULL, -1),
('07', 'Thu nhp t thanh l cc khon u t trong cng ty lin doanh', NULL, '', NULL, -1),
('08', 'Li nhun t hot ng kinh doanh trc thay i vn lu ng', NULL, '', NULL, -1),
('09', 'Tng, gim cc khon phi thu', NULL, '', NULL, -1),
('10', 'Tng, gim hng tn kho', NULL, '', NULL, -1),
('11', 'Tng, gim cc khon phi tr (khng k li vay phi tr, thu thu nhp doanh nghip phi np)', NULL, '', NULL, -1),
('12', 'Tng, gim chi ph tr trc', NULL, '', NULL, -1),
('13', 'Tng, gim chng khon kinh doanh', NULL, '', NULL, -1),
('14', 'Tin li vay  tr', NULL, '', NULL, -1),
('15', 'Thu thu nhp doanh nghip  np', NULL, '', NULL, -1),
('16', 'Tin thu khc t hot ng kinh doanh', NULL, '', NULL, -1),
('17', 'Tin chi khc cho hot ng kinh doanh', NULL, '', NULL, -1),
('20', 'Lu chuyn tin thun t hot ng kinh doanh', NULL, '', NULL, -1),
('21', 'Tin chi  mua sm, xy dng tsc v cc ti sn di hn khc', NULL, '', NULL, -1),
('22', 'Tin thu t thanh l, nhng bn tsc v cc ti sn di hn khc', NULL, '', NULL, -1),
('23', 'Tin chi cho vay, mua cc cng c n ca n v khc', NULL, '', NULL, -1),
('24', 'Tin thu hi cho vay, bn li cc cng c n ca n v khc', NULL, '', NULL, -1),
('25', 'Tin chi u t gp vn vo n v khc', NULL, '', NULL, -1),
('26', 'Tin thu hi u t gp vn vo n v khc', NULL, '', NULL, -1),
('27', 'Tin thu li cho vay, c tc v li nhun c chia', NULL, '', NULL, -1),
('28', 'Gim/(tng) tin gi ngn hng c k hn', NULL, '', NULL, -1),
('30', 'Lu chuyn tin thun t hot ng u t', NULL, '', NULL, -1),
('31', 'Tin thu t pht hnh c phiu, nhn vn gp ca ch s hu', NULL, '', NULL, -1),
('32', 'Tin tr li vn gp cho cc ch s hu, mua li c phiu ca doanh nghip  pht hnh', NULL, '', NULL, -1),
('33', 'Tin thu t i vay', NULL, '', NULL, -1),
('34', 'Tin tr n gc vay', NULL, '', NULL, -1),
('35', 'Tin tr n gc thu ti chnh', NULL, '', NULL, -1),
('36', 'C tc, li nhun  tr cho ch s hu', NULL, '', NULL, -1),
('40', 'Lu chuyn tin thun t hot ng ti chnh', NULL, '', NULL, -1),
('50', 'Lu chuyn tin thun trong k', NULL, '(50 = 20 + 30 + 40)', NULL, -1),
('60', 'Tin v tng ng tin u k', NULL, '', NULL, -1),
('61', 'nh hng ca thay i t gi hi oi quy i ngoi t', NULL, '', NULL, -1),
('70', 'Tin v tng ng tin cui k', NULL, '(70 = 50 + 60 + 61)', 'VII.34', -1);

INSERT INTO `cash_flow_data` (`ASSET_CODE`, `START_VALUE`, `END_VALUE`, `CHANGED_RATIO`, `PERIOD_TYPE`, `PERIOD`, `DESCRIPTION`) VALUES
('01', 2732564358986, 4231550400411, 0.5485638559602833, 1, '2017-01-01', NULL),
('01', 4231550400411, 4932509403953, 0.16565063326999901, 1, '2017-02-01', NULL),
('01', 4932509403953, 6929668017079, 0, 1, '2017-03-01', NULL),
('01', 6929668017079, 6929668017079, 0, 1, '2017-04-01', NULL),
('02', 217354530385, 261449479161, 0.20287108208830354, 1, '2017-01-01', NULL),
('02', 261449479161, 361325713482, 0.3820096893728996, 1, '2017-02-01', NULL),
('02', 361325713482, 535451905298, 0.48190921741492493, 1, '2017-03-01', NULL),
('02', 535451905298, 535451905298, 0, 1, '2017-04-01', NULL),
('03', 64269076069, 30016540007, -0.5329551653306186, 1, '2017-01-01', NULL),
('03', 30016540007, 131970414289, 3.3965898220855526, 1, '2017-02-01', NULL),
('03', 131970414289, -75028609419, -1.568525982306125, 1, '2017-03-01', NULL),
('03', -75028609419, -75028609419, 0, 1, '2017-04-01', NULL),
('04', 3485360436, -42641420105, -13.234436262189785, 1, '2017-01-01', NULL),
('04', -42641420105, 7605774684, 1.1783658861565018, 1, '2017-02-01', NULL),
('04', 7605774684, 23750178315, 2.122650788612291, 1, '2017-03-01', NULL),
('04', 23750178315, 23750178315, 0, 1, '2017-04-01', NULL),
('05', -1369195527, -334654310311, 243.41674232185832, 1, '2017-01-01', NULL),
('05', -334654310311, -507917626333, 0.5177381873880047, 1, '2017-02-01', NULL),
('05', -507917626333, 12177054066, 1.0239744663990387, 1, '2017-03-01', NULL),
('05', 12177054066, 12177054066, 0, 1, '2017-04-01', NULL),
('06', 6603699017, 6003810273, -0.09084132127398561, 1, '2017-01-01', NULL),
('06', 6003810273, 13933130085, 1.3207145881440148, 1, '2017-02-01', NULL),
('06', 13933130085, 3114837973, -0.7764437743710336, 1, '2017-03-01', NULL),
('06', 3114837973, 3114837973, 0, 1, '2017-04-01', NULL),
('07', -139577506654, 0, 1, 1, '2017-01-01', NULL),
('07', 0, 0, 0, 1, '2017-02-01', NULL),
('07', 0, 0, 0, 1, '2017-03-01', NULL),
('07', 0, 0, 0, 1, '2017-04-01', NULL),
('08', 2729836782589, 3876027472816, 0.4198751725881366, 1, '2017-01-01', NULL),
('08', 4413173978597, 4469348761517, 0.012728884742010244, 1, '2017-02-01', NULL),
('08', 5079002999133, 7086899416904, 0.39533278836688096, 1, '2017-03-01', NULL),
('08', 7377854952208, 7086899416904, -0.039436331723616304, 1, '2017-04-01', NULL),
('09', -77480675573, -298837737911, 2.856932528026862, 1, '2017-01-01', NULL),
('09', -298837737911, -1066840564449, 2.5699660019737096, 1, '2017-02-01', NULL),
('09', -1066840564449, -177763748924, -0.8333736503393915, 1, '2017-03-01', NULL),
('09', -177763748924, -177763748924, 0, 1, '2017-04-01', NULL),
('10', 470271876311, -997326866523, -3.12074528961083, 1, '2017-01-01', NULL),
('10', -997326866523, -916347996551, -0.08119591749725764, 1, '2017-02-01', NULL),
('10', -916347996551, -273491911774, -0.7015414309810426, 1, '2017-03-01', NULL),
('10', -273491911774, -273491911774, 0, 1, '2017-04-01', NULL),
('11', 408931488823, 398190544599, -0.02626587709084213, 1, '2017-01-01', NULL),
('11', 398190544599, 782979585995, 0.9663439943896808, 1, '2017-02-01', NULL),
('11', 782979585995, 268727745184, -0.6567883122489019, 1, '2017-03-01', NULL),
('11', 268727745184, 268727745184, 0, 1, '2017-04-01', NULL),
('12', 12850084680, -13661108147, -2.063114250777062, 1, '2017-01-01', NULL),
('12', -13661108147, -23173000514, 0.6962753141727251, 1, '2017-02-01', NULL),
('12', -23173000514, -18320018252, -0.20942399147093896, 1, '2017-03-01', NULL),
('12', -18320018252, -18320018252, 0, 1, '2017-04-01', NULL),
('13', 0, 0, 0, 1, '2017-01-01', NULL),
('13', 0, 0, 0, 1, '2017-02-01', NULL),
('13', 0, 0, 0, 1, '2017-03-01', NULL),
('13', 0, 0, 0, 1, '2017-04-01', NULL),
('14', -6891124226, -4866346822, -0.29382395928382443, 1, '2017-01-01', NULL),
('14', -4866346822, -14785659947, 2.038348989051977, 1, '2017-02-01', NULL),
('14', -14785659947, -3114837973, -0.789333855630029, 1, '2017-03-01', NULL),
('14', -3114837973, -3114837973, 0, 1, '2017-04-01', NULL),
('15', -289460673397, -548573466173, 0.8951571546322723, 1, '2017-01-01', NULL),
('15', -548573466173, -789968554294, 0.4400414949068514, 1, '2017-02-01', NULL),
('15', -789968554294, -1073341754164, 0.35871453152113436, 1, '2017-03-01', NULL),
('15', -1073341754164, -1073341754164, 0, 1, '2017-04-01', NULL),
('16', 16032334480, 66404700000, 3.141923316460149, 1, '2017-01-01', NULL),
('16', 66404700000, 1255501334, -0.981093185663063, 1, '2017-02-01', NULL),
('16', 1255501334, 3704175480, 1.9503556704305343, 1, '2017-03-01', NULL),
('16', 3704175480, 3704175480, 0, 1, '2017-04-01', NULL),
('17', -146953873474, -309955388199, 1.1092018935713133, 1, '2017-01-01', NULL),
('17', -309955388199, -329809135979, 0.06405356556425901, 1, '2017-02-01', NULL),
('17', -329809135979, -518731228162, 0.5728224951143539, 1, '2017-03-01', NULL),
('17', -518731228162, -518731228162, 0, 1, '2017-04-01', NULL),
('20', 3117136220213, 2167401803640, -0.30468171728090304, 1, '2017-01-01', NULL),
('20', 2704548309421, 2112658937112, -0.21884962093197513, 1, '2017-02-01', NULL),
('20', 2722313174728, 5294567838319, 0.9448783069743645, 1, '2017-03-01', NULL),
('20', 5585523373623, 5294567838319, -0.052091006668776016, 1, '2017-04-01', NULL),
('21', -650077543415, -1421428554578, 1.186552310530408, 1, '2017-01-01', NULL),
('21', -1421428554578, -1704853964951, 0.19939476343019194, 1, '2017-02-01', NULL),
('21', -1704853964951, -3133199297771, 0.8378109575274107, 1, '2017-03-01', NULL),
('21', -3133199297771, -3133199297771, 0, 1, '2017-04-01', NULL),
('22', 62885083319, 720843512534, 10.462869642349753, 1, '2017-01-01', NULL),
('22', 720843512534, 50148330984, -0.9304310434761184, 1, '2017-02-01', NULL),
('22', 50148330984, 16830384644, -0.6643879404606747, 1, '2017-03-01', NULL),
('22', 16830384644, 16830384644, 0, 1, '2017-04-01', NULL),
('23', 98045925498, 16773743444, -0.8289195256324837, 1, '2017-01-01', NULL),
('23', 16773743444, 1621569512182, 95.67308419230882, 1, '2017-02-01', NULL),
('23', 1621569512182, -30000000000, -1.0185005945009609, 1, '2017-03-01', NULL),
('23', -30000000000, -30000000000, 0, 1, '2017-04-01', NULL),
('24', 207968250000, -500000000000, -3.4042131431119893, 1, '2017-01-01', NULL),
('24', -500000000000, -18000000000, -0.964, 1, '2017-02-01', NULL),
('24', -18000000000, 70114387315, 4.895243739722222, 1, '2017-03-01', NULL),
('24', 70114387315, 70114387315, 0, 1, '2017-04-01', NULL),
('25', -295555870424, -520567384560, 0.7613163420276575, 1, '2017-01-01', NULL),
('25', -520567384560, -262699995567, -0.4953583275505392, 1, '2017-02-01', NULL),
('25', -262699995567, 250000000000, 1.9516558972923128, 1, '2017-03-01', NULL),
('25', 250000000000, 250000000000, 0, 1, '2017-04-01', NULL),
('26', 134267250000, 0, -1, 1, '2017-01-01', NULL),
('26', 0, 0, 0, 1, '2017-02-01', NULL),
('26', 0, 18000000000, 1, 1, '2017-03-01', NULL),
('26', 18000000000, 18000000000, 0, 1, '2017-04-01', NULL),
('27', 70657151268, 272092557858, 2.8508849136298013, 1, '2017-01-01', NULL),
('27', 272092557858, 471824231056, 0.7340578322698419, 1, '2017-02-01', NULL),
('27', 471824231056, 372293347387, -0.2109490719589322, 1, '2017-03-01', NULL),
('27', 372293347387, 372293347387, 0, 1, '2017-04-01', NULL),
('28', -2123386500000, 269375000000, 1.1268610307167348, 1, '2017-01-01', NULL),
('28', 269375000000, 0, -1, 1, '2017-02-01', NULL),
('28', 0, -2536900000000, -1, 1, '2017-03-01', NULL),
('28', -2536900000000, -2536900000000, 0, 1, '2017-04-01', NULL),
('30', -2495196253754, -1162911125302, -0.5339400163203953, 1, '2017-01-01', NULL),
('30', -1162911125302, 157988113704, 1.1358557075141675, 1, '2017-02-01', NULL),
('30', 157988113704, -4972861178425, -32.47617287046003, 1, '2017-03-01', NULL),
('30', -4972861178425, -4972861178425, 0, 1, '2017-04-01', NULL),
('31', 3646400000, 18068200000, 3.9550789820096535, 1, '2017-01-01', NULL),
('31', 18068200000, 1454528400000, 79.5021197462946, 1, '2017-02-01', NULL),
('31', 1454528400000, 0, -1, 1, '2017-03-01', NULL),
('31', 0, 0, 0, 1, '2017-04-01', NULL),
('32', -154222000, -514829000, 2.338233196301436, 1, '2017-01-01', NULL),
('32', -514829000, -1852743000, 2.5987541494360262, 1, '2017-02-01', NULL),
('32', -1852743000, -1982321000, 0.06993846421225178, 1, '2017-03-01', NULL),
('32', -1982321000, -1982321000, 0, 1, '2017-04-01', NULL),
('33', 0, 966530000000, 1, 1, '2017-01-01', NULL),
('33', 966530000000, 624835000000, -0.35352756769060456, 1, '2017-02-01', NULL),
('33', 624835000000, 0, -1, 1, '2017-03-01', NULL),
('33', 0, 0, 0, 1, '2017-04-01', NULL),
('34', -188221936000, -403947731000, 1.146124620671206, 1, '2017-01-01', NULL),
('34', -403947731000, -1209835000000, 1.9950285820518694, 1, '2017-02-01', NULL),
('34', -1209835000000, 0, 1, 1, '2017-03-01', NULL),
('34', 0, 0, 0, 1, '2017-04-01', NULL),
('35', 0, 0, 0, 1, '2017-01-01', NULL),
('35', 0, 0, 0, 1, '2017-02-01', NULL),
('35', 0, 0, 0, 1, '2017-03-01', NULL),
('35', 0, 0, 0, 1, '2017-04-01', NULL),
('36', -351280620000, -1765200420000, 4.02504356773226, 1, '2017-01-01', NULL),
('36', -1765200420000, -741428260000, -0.5799750262919153, 1, '2017-02-01', NULL),
('36', -741428260000, -2222994056000, 1.9982591383824513, 1, '2017-03-01', NULL),
('36', -2222994056000, -2222994056000, 0, 1, '2017-04-01', NULL),
('40', -536010378000, -1185064780000, 1.2108989464379363, 1, '2017-01-01', NULL),
('40', -1185064780000, 126247397000, 1.1065320640108804, 1, '2017-02-01', NULL),
('40', 126247397000, -2224976377000, -18.62393863059212, 1, '2017-03-01', NULL),
('40', -2224976377000, -2224976377000, 0, 1, '2017-04-01', NULL),
('50', 85929588459, -180574101662, -3.1014193702109742, 1, '2017-01-01', NULL),
('50', 356572404119, 2396894447816, 5.722041358579384, 1, '2017-02-01', NULL),
('50', 3006548685432, -1903269717106, -1.6330413760895164, 1, '2017-03-01', NULL),
('50', -1612314181802, -1903269717106, 0.18045833658723642, 1, '2017-04-01', NULL),
('60', 329545163667, 415417916497, 0.2605796179026102, 1, '2017-01-01', NULL),
('60', 415417916497, 234843207079, -0.43468204486867396, 1, '2017-02-01', NULL),
('60', 234843207079, 3156515396990, 12.440948266083613, 1, '2017-03-01', NULL),
('60', 3156515396990, 3156515396990, 0, 1, '2017-04-01', NULL),
('61', 56835629, -607756, -1.0106932220280345, 1, '2017-01-01', NULL),
('61', -607756, -379801702, 623.924644100593, 1, '2017-02-01', NULL),
('61', -379801702, -325519080, -0.1429235880570119, 1, '2017-03-01', NULL),
('61', -325519080, -325519080, 0, 1, '2017-04-01', NULL),
('70', 415531587755, 234843207079, -0.43483669112186724, 1, '2017-01-01', NULL),
('70', 771989712860, 2631357853193, 2.4085400483441357, 1, '2017-02-01', NULL),
('70', 3241012090809, 1252920160804, -0.6134170050284341, 1, '2017-03-01', NULL),
('70', 1543875696108, 1252920160804, -0.18845787652301157, 1, '2017-04-01', NULL);

INSERT INTO `khach_hang` (`MA_KH`, `TEN_KH`, `MA_THUE`, `DIA_CHI`, `EMAIL`, `SDT`, `WEBSITE`) VALUES
(20, 'Cng ty c phn nh Dng', '123456789', 'S 15, Phm Hng, Nam T Lim, Cu Giy, H Ni', 'trandonghai104@gmail.com', '', '');
INSERT INTO `nha_cung_cap` (`MA_NCC`, `TEN_NCC`, `MA_THUE`, `DIA_CHI`, `EMAIL`, `SDT`, `WEBSITE`) VALUES
(1, 'Cng ty TNHH mt thnh vin B sa Vit Nam', '123456789', 'Gia Lm, H Ni', 'trandonghai1981@yahoo.com', '0962541719', 'https://www.vinamilk.com.vn/vi'),
(2, 'Cng ty c phn ng Dng', '', 'S 10, Vng Th, Ty H, H Ni', 'trandonghai104@ymail.com', '123456789', '');

